date,IAU US Equity
2000-01-03,
2000-01-04,
2000-01-05,
2000-01-06,
2000-01-07,
2000-01-10,
2000-01-11,
2000-01-12,
2000-01-13,
2000-01-14,
2000-01-17,
2000-01-18,
2000-01-19,
2000-01-20,
2000-01-21,
2000-01-24,
2000-01-25,
2000-01-26,
2000-01-27,
2000-01-28,
2000-01-31,
2000-02-01,
2000-02-02,
2000-02-03,
2000-02-04,
2000-02-07,
2000-02-08,
2000-02-09,
2000-02-10,
2000-02-11,
2000-02-14,
2000-02-15,
2000-02-16,
2000-02-17,
2000-02-18,
2000-02-21,
2000-02-22,
2000-02-23,
2000-02-24,
2000-02-25,
2000-02-28,
2000-02-29,
2000-03-01,
2000-03-02,
2000-03-03,
2000-03-06,
2000-03-07,
2000-03-08,
2000-03-09,
2000-03-10,
2000-03-13,
2000-03-14,
2000-03-15,
2000-03-16,
2000-03-17,
2000-03-20,
2000-03-21,
2000-03-22,
2000-03-23,
2000-03-24,
2000-03-27,
2000-03-28,
2000-03-29,
2000-03-30,
2000-03-31,
2000-04-03,
2000-04-04,
2000-04-05,
2000-04-06,
2000-04-07,
2000-04-10,
2000-04-11,
2000-04-12,
2000-04-13,
2000-04-14,
2000-04-17,
2000-04-18,
2000-04-19,
2000-04-20,
2000-04-21,
2000-04-24,
2000-04-25,
2000-04-26,
2000-04-27,
2000-04-28,
2000-05-01,
2000-05-02,
2000-05-03,
2000-05-04,
2000-05-05,
2000-05-08,
2000-05-09,
2000-05-10,
2000-05-11,
2000-05-12,
2000-05-15,
2000-05-16,
2000-05-17,
2000-05-18,
2000-05-19,
2000-05-22,
2000-05-23,
2000-05-24,
2000-05-25,
2000-05-26,
2000-05-29,
2000-05-30,
2000-05-31,
2000-06-01,
2000-06-02,
2000-06-05,
2000-06-06,
2000-06-07,
2000-06-08,
2000-06-09,
2000-06-12,
2000-06-13,
2000-06-14,
2000-06-15,
2000-06-16,
2000-06-19,
2000-06-20,
2000-06-21,
2000-06-22,
2000-06-23,
2000-06-26,
2000-06-27,
2000-06-28,
2000-06-29,
2000-06-30,
2000-07-03,
2000-07-04,
2000-07-05,
2000-07-06,
2000-07-07,
2000-07-10,
2000-07-11,
2000-07-12,
2000-07-13,
2000-07-14,
2000-07-17,
2000-07-18,
2000-07-19,
2000-07-20,
2000-07-21,
2000-07-24,
2000-07-25,
2000-07-26,
2000-07-27,
2000-07-28,
2000-07-31,
2000-08-01,
2000-08-02,
2000-08-03,
2000-08-04,
2000-08-07,
2000-08-08,
2000-08-09,
2000-08-10,
2000-08-11,
2000-08-14,
2000-08-15,
2000-08-16,
2000-08-17,
2000-08-18,
2000-08-21,
2000-08-22,
2000-08-23,
2000-08-24,
2000-08-25,
2000-08-28,
2000-08-29,
2000-08-30,
2000-08-31,
2000-09-01,
2000-09-04,
2000-09-05,
2000-09-06,
2000-09-07,
2000-09-08,
2000-09-11,
2000-09-12,
2000-09-13,
2000-09-14,
2000-09-15,
2000-09-18,
2000-09-19,
2000-09-20,
2000-09-21,
2000-09-22,
2000-09-25,
2000-09-26,
2000-09-27,
2000-09-28,
2000-09-29,
2000-10-02,
2000-10-03,
2000-10-04,
2000-10-05,
2000-10-06,
2000-10-09,
2000-10-10,
2000-10-11,
2000-10-12,
2000-10-13,
2000-10-16,
2000-10-17,
2000-10-18,
2000-10-19,
2000-10-20,
2000-10-23,
2000-10-24,
2000-10-25,
2000-10-26,
2000-10-27,
2000-10-30,
2000-10-31,
2000-11-01,
2000-11-02,
2000-11-03,
2000-11-06,
2000-11-07,
2000-11-08,
2000-11-09,
2000-11-10,
2000-11-13,
2000-11-14,
2000-11-15,
2000-11-16,
2000-11-17,
2000-11-20,
2000-11-21,
2000-11-22,
2000-11-23,
2000-11-24,
2000-11-27,
2000-11-28,
2000-11-29,
2000-11-30,
2000-12-01,
2000-12-04,
2000-12-05,
2000-12-06,
2000-12-07,
2000-12-08,
2000-12-11,
2000-12-12,
2000-12-13,
2000-12-14,
2000-12-15,
2000-12-18,
2000-12-19,
2000-12-20,
2000-12-21,
2000-12-22,
2000-12-25,
2000-12-26,
2000-12-27,
2000-12-28,
2000-12-29,
2001-01-01,
2001-01-02,
2001-01-03,
2001-01-04,
2001-01-05,
2001-01-08,
2001-01-09,
2001-01-10,
2001-01-11,
2001-01-12,
2001-01-15,
2001-01-16,
2001-01-17,
2001-01-18,
2001-01-19,
2001-01-22,
2001-01-23,
2001-01-24,
2001-01-25,
2001-01-26,
2001-01-29,
2001-01-30,
2001-01-31,
2001-02-01,
2001-02-02,
2001-02-05,
2001-02-06,
2001-02-07,
2001-02-08,
2001-02-09,
2001-02-12,
2001-02-13,
2001-02-14,
2001-02-15,
2001-02-16,
2001-02-19,
2001-02-20,
2001-02-21,
2001-02-22,
2001-02-23,
2001-02-26,
2001-02-27,
2001-02-28,
2001-03-01,
2001-03-02,
2001-03-05,
2001-03-06,
2001-03-07,
2001-03-08,
2001-03-09,
2001-03-12,
2001-03-13,
2001-03-14,
2001-03-15,
2001-03-16,
2001-03-19,
2001-03-20,
2001-03-21,
2001-03-22,
2001-03-23,
2001-03-26,
2001-03-27,
2001-03-28,
2001-03-29,
2001-03-30,
2001-04-02,
2001-04-03,
2001-04-04,
2001-04-05,
2001-04-06,
2001-04-09,
2001-04-10,
2001-04-11,
2001-04-12,
2001-04-13,
2001-04-16,
2001-04-17,
2001-04-18,
2001-04-19,
2001-04-20,
2001-04-23,
2001-04-24,
2001-04-25,
2001-04-26,
2001-04-27,
2001-04-30,
2001-05-01,
2001-05-02,
2001-05-03,
2001-05-04,
2001-05-07,
2001-05-08,
2001-05-09,
2001-05-10,
2001-05-11,
2001-05-14,
2001-05-15,
2001-05-16,
2001-05-17,
2001-05-18,
2001-05-21,
2001-05-22,
2001-05-23,
2001-05-24,
2001-05-25,
2001-05-28,
2001-05-29,
2001-05-30,
2001-05-31,
2001-06-01,
2001-06-04,
2001-06-05,
2001-06-06,
2001-06-07,
2001-06-08,
2001-06-11,
2001-06-12,
2001-06-13,
2001-06-14,
2001-06-15,
2001-06-18,
2001-06-19,
2001-06-20,
2001-06-21,
2001-06-22,
2001-06-25,
2001-06-26,
2001-06-27,
2001-06-28,
2001-06-29,
2001-07-02,
2001-07-03,
2001-07-04,
2001-07-05,
2001-07-06,
2001-07-09,
2001-07-10,
2001-07-11,
2001-07-12,
2001-07-13,
2001-07-16,
2001-07-17,
2001-07-18,
2001-07-19,
2001-07-20,
2001-07-23,
2001-07-24,
2001-07-25,
2001-07-26,
2001-07-27,
2001-07-30,
2001-07-31,
2001-08-01,
2001-08-02,
2001-08-03,
2001-08-06,
2001-08-07,
2001-08-08,
2001-08-09,
2001-08-10,
2001-08-13,
2001-08-14,
2001-08-15,
2001-08-16,
2001-08-17,
2001-08-20,
2001-08-21,
2001-08-22,
2001-08-23,
2001-08-24,
2001-08-27,
2001-08-28,
2001-08-29,
2001-08-30,
2001-08-31,
2001-09-03,
2001-09-04,
2001-09-05,
2001-09-06,
2001-09-07,
2001-09-10,
2001-09-11,
2001-09-12,
2001-09-13,
2001-09-14,
2001-09-17,
2001-09-18,
2001-09-19,
2001-09-20,
2001-09-21,
2001-09-24,
2001-09-25,
2001-09-26,
2001-09-27,
2001-09-28,
2001-10-01,
2001-10-02,
2001-10-03,
2001-10-04,
2001-10-05,
2001-10-08,
2001-10-09,
2001-10-10,
2001-10-11,
2001-10-12,
2001-10-15,
2001-10-16,
2001-10-17,
2001-10-18,
2001-10-19,
2001-10-22,
2001-10-23,
2001-10-24,
2001-10-25,
2001-10-26,
2001-10-29,
2001-10-30,
2001-10-31,
2001-11-01,
2001-11-02,
2001-11-05,
2001-11-06,
2001-11-07,
2001-11-08,
2001-11-09,
2001-11-12,
2001-11-13,
2001-11-14,
2001-11-15,
2001-11-16,
2001-11-19,
2001-11-20,
2001-11-21,
2001-11-22,
2001-11-23,
2001-11-26,
2001-11-27,
2001-11-28,
2001-11-29,
2001-11-30,
2001-12-03,
2001-12-04,
2001-12-05,
2001-12-06,
2001-12-07,
2001-12-10,
2001-12-11,
2001-12-12,
2001-12-13,
2001-12-14,
2001-12-17,
2001-12-18,
2001-12-19,
2001-12-20,
2001-12-21,
2001-12-24,
2001-12-25,
2001-12-26,
2001-12-27,
2001-12-28,
2001-12-31,
2002-01-01,
2002-01-02,
2002-01-03,
2002-01-04,
2002-01-07,
2002-01-08,
2002-01-09,
2002-01-10,
2002-01-11,
2002-01-14,
2002-01-15,
2002-01-16,
2002-01-17,
2002-01-18,
2002-01-21,
2002-01-22,
2002-01-23,
2002-01-24,
2002-01-25,
2002-01-28,
2002-01-29,
2002-01-30,
2002-01-31,
2002-02-01,
2002-02-04,
2002-02-05,
2002-02-06,
2002-02-07,
2002-02-08,
2002-02-11,
2002-02-12,
2002-02-13,
2002-02-14,
2002-02-15,
2002-02-18,
2002-02-19,
2002-02-20,
2002-02-21,
2002-02-22,
2002-02-25,
2002-02-26,
2002-02-27,
2002-02-28,
2002-03-01,
2002-03-04,
2002-03-05,
2002-03-06,
2002-03-07,
2002-03-08,
2002-03-11,
2002-03-12,
2002-03-13,
2002-03-14,
2002-03-15,
2002-03-18,
2002-03-19,
2002-03-20,
2002-03-21,
2002-03-22,
2002-03-25,
2002-03-26,
2002-03-27,
2002-03-28,
2002-03-29,
2002-04-01,
2002-04-02,
2002-04-03,
2002-04-04,
2002-04-05,
2002-04-08,
2002-04-09,
2002-04-10,
2002-04-11,
2002-04-12,
2002-04-15,
2002-04-16,
2002-04-17,
2002-04-18,
2002-04-19,
2002-04-22,
2002-04-23,
2002-04-24,
2002-04-25,
2002-04-26,
2002-04-29,
2002-04-30,
2002-05-01,
2002-05-02,
2002-05-03,
2002-05-06,
2002-05-07,
2002-05-08,
2002-05-09,
2002-05-10,
2002-05-13,
2002-05-14,
2002-05-15,
2002-05-16,
2002-05-17,
2002-05-20,
2002-05-21,
2002-05-22,
2002-05-23,
2002-05-24,
2002-05-27,
2002-05-28,
2002-05-29,
2002-05-30,
2002-05-31,
2002-06-03,
2002-06-04,
2002-06-05,
2002-06-06,
2002-06-07,
2002-06-10,
2002-06-11,
2002-06-12,
2002-06-13,
2002-06-14,
2002-06-17,
2002-06-18,
2002-06-19,
2002-06-20,
2002-06-21,
2002-06-24,
2002-06-25,
2002-06-26,
2002-06-27,
2002-06-28,
2002-07-01,
2002-07-02,
2002-07-03,
2002-07-04,
2002-07-05,
2002-07-08,
2002-07-09,
2002-07-10,
2002-07-11,
2002-07-12,
2002-07-15,
2002-07-16,
2002-07-17,
2002-07-18,
2002-07-19,
2002-07-22,
2002-07-23,
2002-07-24,
2002-07-25,
2002-07-26,
2002-07-29,
2002-07-30,
2002-07-31,
2002-08-01,
2002-08-02,
2002-08-05,
2002-08-06,
2002-08-07,
2002-08-08,
2002-08-09,
2002-08-12,
2002-08-13,
2002-08-14,
2002-08-15,
2002-08-16,
2002-08-19,
2002-08-20,
2002-08-21,
2002-08-22,
2002-08-23,
2002-08-26,
2002-08-27,
2002-08-28,
2002-08-29,
2002-08-30,
2002-09-02,
2002-09-03,
2002-09-04,
2002-09-05,
2002-09-06,
2002-09-09,
2002-09-10,
2002-09-11,
2002-09-12,
2002-09-13,
2002-09-16,
2002-09-17,
2002-09-18,
2002-09-19,
2002-09-20,
2002-09-23,
2002-09-24,
2002-09-25,
2002-09-26,
2002-09-27,
2002-09-30,
2002-10-01,
2002-10-02,
2002-10-03,
2002-10-04,
2002-10-07,
2002-10-08,
2002-10-09,
2002-10-10,
2002-10-11,
2002-10-14,
2002-10-15,
2002-10-16,
2002-10-17,
2002-10-18,
2002-10-21,
2002-10-22,
2002-10-23,
2002-10-24,
2002-10-25,
2002-10-28,
2002-10-29,
2002-10-30,
2002-10-31,
2002-11-01,
2002-11-04,
2002-11-05,
2002-11-06,
2002-11-07,
2002-11-08,
2002-11-11,
2002-11-12,
2002-11-13,
2002-11-14,
2002-11-15,
2002-11-18,
2002-11-19,
2002-11-20,
2002-11-21,
2002-11-22,
2002-11-25,
2002-11-26,
2002-11-27,
2002-11-28,
2002-11-29,
2002-12-02,
2002-12-03,
2002-12-04,
2002-12-05,
2002-12-06,
2002-12-09,
2002-12-10,
2002-12-11,
2002-12-12,
2002-12-13,
2002-12-16,
2002-12-17,
2002-12-18,
2002-12-19,
2002-12-20,
2002-12-23,
2002-12-24,
2002-12-25,
2002-12-26,
2002-12-27,
2002-12-30,
2002-12-31,
2003-01-01,
2003-01-02,
2003-01-03,
2003-01-06,
2003-01-07,
2003-01-08,
2003-01-09,
2003-01-10,
2003-01-13,
2003-01-14,
2003-01-15,
2003-01-16,
2003-01-17,
2003-01-20,
2003-01-21,
2003-01-22,
2003-01-23,
2003-01-24,
2003-01-27,
2003-01-28,
2003-01-29,
2003-01-30,
2003-01-31,
2003-02-03,
2003-02-04,
2003-02-05,
2003-02-06,
2003-02-07,
2003-02-10,
2003-02-11,
2003-02-12,
2003-02-13,
2003-02-14,
2003-02-17,
2003-02-18,
2003-02-19,
2003-02-20,
2003-02-21,
2003-02-24,
2003-02-25,
2003-02-26,
2003-02-27,
2003-02-28,
2003-03-03,
2003-03-04,
2003-03-05,
2003-03-06,
2003-03-07,
2003-03-10,
2003-03-11,
2003-03-12,
2003-03-13,
2003-03-14,
2003-03-17,
2003-03-18,
2003-03-19,
2003-03-20,
2003-03-21,
2003-03-24,
2003-03-25,
2003-03-26,
2003-03-27,
2003-03-28,
2003-03-31,
2003-04-01,
2003-04-02,
2003-04-03,
2003-04-04,
2003-04-07,
2003-04-08,
2003-04-09,
2003-04-10,
2003-04-11,
2003-04-14,
2003-04-15,
2003-04-16,
2003-04-17,
2003-04-18,
2003-04-21,
2003-04-22,
2003-04-23,
2003-04-24,
2003-04-25,
2003-04-28,
2003-04-29,
2003-04-30,
2003-05-01,
2003-05-02,
2003-05-05,
2003-05-06,
2003-05-07,
2003-05-08,
2003-05-09,
2003-05-12,
2003-05-13,
2003-05-14,
2003-05-15,
2003-05-16,
2003-05-19,
2003-05-20,
2003-05-21,
2003-05-22,
2003-05-23,
2003-05-26,
2003-05-27,
2003-05-28,
2003-05-29,
2003-05-30,
2003-06-02,
2003-06-03,
2003-06-04,
2003-06-05,
2003-06-06,
2003-06-09,
2003-06-10,
2003-06-11,
2003-06-12,
2003-06-13,
2003-06-16,
2003-06-17,
2003-06-18,
2003-06-19,
2003-06-20,
2003-06-23,
2003-06-24,
2003-06-25,
2003-06-26,
2003-06-27,
2003-06-30,
2003-07-01,
2003-07-02,
2003-07-03,
2003-07-04,
2003-07-07,
2003-07-08,
2003-07-09,
2003-07-10,
2003-07-11,
2003-07-14,
2003-07-15,
2003-07-16,
2003-07-17,
2003-07-18,
2003-07-21,
2003-07-22,
2003-07-23,
2003-07-24,
2003-07-25,
2003-07-28,
2003-07-29,
2003-07-30,
2003-07-31,
2003-08-01,
2003-08-04,
2003-08-05,
2003-08-06,
2003-08-07,
2003-08-08,
2003-08-11,
2003-08-12,
2003-08-13,
2003-08-14,
2003-08-15,
2003-08-18,
2003-08-19,
2003-08-20,
2003-08-21,
2003-08-22,
2003-08-25,
2003-08-26,
2003-08-27,
2003-08-28,
2003-08-29,
2003-09-01,
2003-09-02,
2003-09-03,
2003-09-04,
2003-09-05,
2003-09-08,
2003-09-09,
2003-09-10,
2003-09-11,
2003-09-12,
2003-09-15,
2003-09-16,
2003-09-17,
2003-09-18,
2003-09-19,
2003-09-22,
2003-09-23,
2003-09-24,
2003-09-25,
2003-09-26,
2003-09-29,
2003-09-30,
2003-10-01,
2003-10-02,
2003-10-03,
2003-10-06,
2003-10-07,
2003-10-08,
2003-10-09,
2003-10-10,
2003-10-13,
2003-10-14,
2003-10-15,
2003-10-16,
2003-10-17,
2003-10-20,
2003-10-21,
2003-10-22,
2003-10-23,
2003-10-24,
2003-10-27,
2003-10-28,
2003-10-29,
2003-10-30,
2003-10-31,
2003-11-03,
2003-11-04,
2003-11-05,
2003-11-06,
2003-11-07,
2003-11-10,
2003-11-11,
2003-11-12,
2003-11-13,
2003-11-14,
2003-11-17,
2003-11-18,
2003-11-19,
2003-11-20,
2003-11-21,
2003-11-24,
2003-11-25,
2003-11-26,
2003-11-27,
2003-11-28,
2003-12-01,
2003-12-02,
2003-12-03,
2003-12-04,
2003-12-05,
2003-12-08,
2003-12-09,
2003-12-10,
2003-12-11,
2003-12-12,
2003-12-15,
2003-12-16,
2003-12-17,
2003-12-18,
2003-12-19,
2003-12-22,
2003-12-23,
2003-12-24,
2003-12-25,
2003-12-26,
2003-12-29,
2003-12-30,
2003-12-31,
2004-01-01,
2004-01-02,
2004-01-05,
2004-01-06,
2004-01-07,
2004-01-08,
2004-01-09,
2004-01-12,
2004-01-13,
2004-01-14,
2004-01-15,
2004-01-16,
2004-01-19,
2004-01-20,
2004-01-21,
2004-01-22,
2004-01-23,
2004-01-26,
2004-01-27,
2004-01-28,
2004-01-29,
2004-01-30,
2004-02-02,
2004-02-03,
2004-02-04,
2004-02-05,
2004-02-06,
2004-02-09,
2004-02-10,
2004-02-11,
2004-02-12,
2004-02-13,
2004-02-16,
2004-02-17,
2004-02-18,
2004-02-19,
2004-02-20,
2004-02-23,
2004-02-24,
2004-02-25,
2004-02-26,
2004-02-27,
2004-03-01,
2004-03-02,
2004-03-03,
2004-03-04,
2004-03-05,
2004-03-08,
2004-03-09,
2004-03-10,
2004-03-11,
2004-03-12,
2004-03-15,
2004-03-16,
2004-03-17,
2004-03-18,
2004-03-19,
2004-03-22,
2004-03-23,
2004-03-24,
2004-03-25,
2004-03-26,
2004-03-29,
2004-03-30,
2004-03-31,
2004-04-01,
2004-04-02,
2004-04-05,
2004-04-06,
2004-04-07,
2004-04-08,
2004-04-09,
2004-04-12,
2004-04-13,
2004-04-14,
2004-04-15,
2004-04-16,
2004-04-19,
2004-04-20,
2004-04-21,
2004-04-22,
2004-04-23,
2004-04-26,
2004-04-27,
2004-04-28,
2004-04-29,
2004-04-30,
2004-05-03,
2004-05-04,
2004-05-05,
2004-05-06,
2004-05-07,
2004-05-10,
2004-05-11,
2004-05-12,
2004-05-13,
2004-05-14,
2004-05-17,
2004-05-18,
2004-05-19,
2004-05-20,
2004-05-21,
2004-05-24,
2004-05-25,
2004-05-26,
2004-05-27,
2004-05-28,
2004-05-31,
2004-06-01,
2004-06-02,
2004-06-03,
2004-06-04,
2004-06-07,
2004-06-08,
2004-06-09,
2004-06-10,
2004-06-11,
2004-06-14,
2004-06-15,
2004-06-16,
2004-06-17,
2004-06-18,
2004-06-21,
2004-06-22,
2004-06-23,
2004-06-24,
2004-06-25,
2004-06-28,
2004-06-29,
2004-06-30,
2004-07-01,
2004-07-02,
2004-07-05,
2004-07-06,
2004-07-07,
2004-07-08,
2004-07-09,
2004-07-12,
2004-07-13,
2004-07-14,
2004-07-15,
2004-07-16,
2004-07-19,
2004-07-20,
2004-07-21,
2004-07-22,
2004-07-23,
2004-07-26,
2004-07-27,
2004-07-28,
2004-07-29,
2004-07-30,
2004-08-02,
2004-08-03,
2004-08-04,
2004-08-05,
2004-08-06,
2004-08-09,
2004-08-10,
2004-08-11,
2004-08-12,
2004-08-13,
2004-08-16,
2004-08-17,
2004-08-18,
2004-08-19,
2004-08-20,
2004-08-23,
2004-08-24,
2004-08-25,
2004-08-26,
2004-08-27,
2004-08-30,
2004-08-31,
2004-09-01,
2004-09-02,
2004-09-03,
2004-09-06,
2004-09-07,
2004-09-08,
2004-09-09,
2004-09-10,
2004-09-13,
2004-09-14,
2004-09-15,
2004-09-16,
2004-09-17,
2004-09-20,
2004-09-21,
2004-09-22,
2004-09-23,
2004-09-24,
2004-09-27,
2004-09-28,
2004-09-29,
2004-09-30,
2004-10-01,
2004-10-04,
2004-10-05,
2004-10-06,
2004-10-07,
2004-10-08,
2004-10-11,
2004-10-12,
2004-10-13,
2004-10-14,
2004-10-15,
2004-10-18,
2004-10-19,
2004-10-20,
2004-10-21,
2004-10-22,
2004-10-25,
2004-10-26,
2004-10-27,
2004-10-28,
2004-10-29,
2004-11-01,
2004-11-02,
2004-11-03,
2004-11-04,
2004-11-05,
2004-11-08,
2004-11-09,
2004-11-10,
2004-11-11,
2004-11-12,
2004-11-15,
2004-11-16,
2004-11-17,
2004-11-18,
2004-11-19,
2004-11-22,
2004-11-23,
2004-11-24,
2004-11-25,
2004-11-26,
2004-11-29,
2004-11-30,
2004-12-01,
2004-12-02,
2004-12-03,
2004-12-06,
2004-12-07,
2004-12-08,
2004-12-09,
2004-12-10,
2004-12-13,
2004-12-14,
2004-12-15,
2004-12-16,
2004-12-17,
2004-12-20,
2004-12-21,
2004-12-22,
2004-12-23,
2004-12-24,
2004-12-27,
2004-12-28,
2004-12-29,
2004-12-30,
2004-12-31,
2005-01-03,
2005-01-04,
2005-01-05,
2005-01-06,
2005-01-07,
2005-01-10,
2005-01-11,
2005-01-12,
2005-01-13,
2005-01-14,
2005-01-17,
2005-01-18,
2005-01-19,
2005-01-20,
2005-01-21,
2005-01-24,
2005-01-25,
2005-01-26,
2005-01-27,
2005-01-28,8.538
2005-01-31,8.454
2005-02-01,8.424
2005-02-02,8.446
2005-02-03,8.344
2005-02-04,8.3
2005-02-07,8.27
2005-02-08,8.258
2005-02-09,8.268
2005-02-10,8.362
2005-02-11,8.424
2005-02-14,8.524
2005-02-15,8.518
2005-02-16,8.512
2005-02-17,8.548
2005-02-18,8.568
2005-02-21,8.568
2005-02-22,8.72
2005-02-23,8.696
2005-02-24,8.686
2005-02-25,8.708
2005-02-28,8.722
2005-03-01,8.656
2005-03-02,8.664
2005-03-03,8.612
2005-03-04,8.686
2005-03-07,8.696
2005-03-08,8.81
2005-03-09,8.816
2005-03-10,8.846
2005-03-11,8.9
2005-03-14,8.812
2005-03-15,8.816
2005-03-16,8.874
2005-03-17,8.774
2005-03-18,8.79
2005-03-21,8.62
2005-03-22,8.54
2005-03-23,8.494
2005-03-24,8.494
2005-03-25,8.494
2005-03-28,8.516
2005-03-29,8.522
2005-03-30,8.528
2005-03-31,8.576
2005-04-01,8.526
2005-04-04,8.484
2005-04-05,8.496
2005-04-06,8.536
2005-04-07,8.518
2005-04-08,8.536
2005-04-11,8.56
2005-04-12,8.56
2005-04-13,8.584
2005-04-14,8.476
2005-04-15,8.494
2005-04-18,8.546
2005-04-19,8.666
2005-04-20,8.7
2005-04-21,8.636
2005-04-22,8.694
2005-04-25,8.686
2005-04-26,8.742
2005-04-27,8.646
2005-04-28,8.612
2005-04-29,8.686
2005-05-02,8.594
2005-05-03,8.56
2005-05-04,8.588
2005-05-05,8.6
2005-05-06,8.518
2005-05-09,8.524
2005-05-10,8.526
2005-05-11,8.548
2005-05-12,8.438
2005-05-13,8.3876
2005-05-16,8.376
2005-05-17,8.378
2005-05-18,8.42
2005-05-19,8.406
2005-05-20,8.34
2005-05-23,8.332
2005-05-24,8.346
2005-05-25,8.378
2005-05-26,8.338
2005-05-27,8.394
2005-05-30,8.394
2005-05-31,8.338
2005-06-01,8.312
2005-06-02,8.428
2005-06-03,8.45
2005-06-06,8.51
2005-06-07,8.488
2005-06-08,8.472
2005-06-09,8.464
2005-06-10,8.54
2005-06-13,8.568
2005-06-14,8.526
2005-06-15,8.558
2005-06-16,8.688
2005-06-17,8.742
2005-06-20,8.744
2005-06-21,8.76
2005-06-22,8.756
2005-06-23,8.816
2005-06-24,8.782
2005-06-27,8.784
2005-06-28,8.694
2005-06-29,8.734
2005-06-30,8.692
2005-07-01,8.548
2005-07-04,8.548
2005-07-05,8.46
2005-07-06,8.45
2005-07-07,8.476
2005-07-08,8.462
2005-07-11,8.506
2005-07-12,8.534
2005-07-13,8.476
2005-07-14,8.388
2005-07-15,8.414
2005-07-18,8.406
2005-07-19,8.394
2005-07-20,8.446
2005-07-21,8.498
2005-07-22,8.496
2005-07-25,8.508
2005-07-26,8.456
2005-07-27,8.496
2005-07-28,8.554
2005-07-29,8.578
2005-08-01,8.636
2005-08-02,8.63
2005-08-03,8.728
2005-08-04,8.74
2005-08-05,8.73
2005-08-08,8.68
2005-08-09,8.676
2005-08-10,8.724
2005-08-11,8.9
2005-08-12,8.904
2005-08-15,8.832
2005-08-16,8.908
2005-08-17,8.79
2005-08-18,8.778
2005-08-19,8.738
2005-08-22,8.748
2005-08-23,8.76
2005-08-24,8.73
2005-08-25,8.752
2005-08-26,8.7312
2005-08-29,8.724
2005-08-30,8.612
2005-08-31,8.686
2005-09-01,8.848
2005-09-02,8.854
2005-09-05,8.854
2005-09-06,8.86
2005-09-07,8.868
2005-09-08,8.934
2005-09-09,8.978
2005-09-12,8.98
2005-09-13,8.914
2005-09-14,8.992
2005-09-15,9.098
2005-09-16,9.174
2005-09-19,9.256
2005-09-20,9.26
2005-09-21,9.42
2005-09-22,9.288
2005-09-23,9.256
2005-09-26,9.316
2005-09-27,9.256
2005-09-28,9.37
2005-09-29,9.43
2005-09-30,9.36
2005-10-03,9.302
2005-10-04,9.296
2005-10-05,9.282
2005-10-06,9.454
2005-10-07,9.504
2005-10-10,9.498
2005-10-11,9.49
2005-10-12,9.392
2005-10-13,9.406
2005-10-14,9.366
2005-10-17,9.462
2005-10-18,9.406
2005-10-19,9.28
2005-10-20,9.208
2005-10-21,9.312
2005-10-24,9.286
2005-10-25,9.43
2005-10-26,9.39
2005-10-27,9.456
2005-10-28,9.45
2005-10-31,9.294
2005-11-01,9.15
2005-11-02,9.224
2005-11-03,9.192
2005-11-04,9.116
2005-11-07,9.17
2005-11-08,9.212
2005-11-09,9.312
2005-11-10,9.306
2005-11-11,9.348
2005-11-14,9.33
2005-11-15,9.328
2005-11-16,9.55
2005-11-17,9.7
2005-11-18,9.698
2005-11-21,9.808
2005-11-22,9.87
2005-11-23,9.86
2005-11-24,9.86
2005-11-25,9.906
2005-11-28,9.954
2005-11-29,9.97
2005-11-30,9.828
2005-12-01,10.034
2005-12-02,10.066
2005-12-05,10.156
2005-12-06,10.192
2005-12-07,10.28
2005-12-08,10.392
2005-12-09,10.476
2005-12-12,10.532
2005-12-13,10.33
2005-12-14,10.078
2005-12-15,10.046
2005-12-16,10.036
2005-12-19,10.054
2005-12-20,9.82
2005-12-21,9.882
2005-12-22,10.05
2005-12-23,10.036
2005-12-26,10.036
2005-12-27,10.13
2005-12-28,10.296
2005-12-29,10.32
2005-12-30,10.3456
2006-01-02,10.3456
2006-01-03,10.642
2006-01-04,10.662
2006-01-05,10.472
2006-01-06,10.764
2006-01-09,10.93
2006-01-10,10.822
2006-01-11,10.91
2006-01-12,10.896
2006-01-13,11.108
2006-01-16,11.108
2006-01-17,11.068
2006-01-18,10.82
2006-01-19,11.12
2006-01-20,11.046
2006-01-23,11.166
2006-01-24,11.154
2006-01-25,11.248
2006-01-26,11.17
2006-01-27,11.142
2006-01-30,11.354
2006-01-31,11.358
2006-02-01,11.366
2006-02-02,11.416
2006-02-03,11.316
2006-02-06,11.37
2006-02-07,10.932
2006-02-08,10.982
2006-02-09,11.25
2006-02-10,10.976
2006-02-13,10.742
2006-02-14,10.914
2006-02-15,10.764
2006-02-16,10.922
2006-02-17,11.008
2006-02-20,11.008
2006-02-21,11.0305
2006-02-22,11.068
2006-02-23,10.946
2006-02-24,11.15
2006-02-27,11.05
2006-02-28,11.21
2006-03-01,11.232
2006-03-02,11.36
2006-03-03,11.28
2006-03-06,11.068
2006-03-07,11.012
2006-03-08,10.798
2006-03-09,10.87
2006-03-10,10.78
2006-03-13,10.874
2006-03-14,10.996
2006-03-15,11.042
2006-03-16,11.068
2006-03-17,11.04
2006-03-20,11.046
2006-03-21,10.984
2006-03-22,10.966
2006-03-23,10.96
2006-03-24,11.154
2006-03-27,11.288
2006-03-28,11.228
2006-03-29,11.434
2006-03-30,11.726
2006-03-31,11.646
2006-04-03,11.712
2006-04-04,11.7
2006-04-05,11.754
2006-04-06,11.874
2006-04-07,11.744
2006-04-10,11.938
2006-04-11,11.834
2006-04-12,11.904
2006-04-13,11.936
2006-04-14,11.936
2006-04-17,12.246
2006-04-18,12.4
2006-04-19,12.752
2006-04-20,12.2102
2006-04-21,12.664
2006-04-24,12.34
2006-04-25,12.586
2006-04-26,12.76
2006-04-27,12.602
2006-04-28,13.036
2006-05-01,13.044
2006-05-02,13.338
2006-05-03,13.324
2006-05-04,13.516
2006-05-05,13.61
2006-05-08,13.5362
2006-05-09,13.946
2006-05-10,14.11
2006-05-11,14.254
2006-05-12,14.244
2006-05-15,13.506
2006-05-16,13.718
2006-05-17,13.63
2006-05-18,13.516
2006-05-19,13.14
2006-05-22,13.094
2006-05-23,13.26
2006-05-24,12.816
2006-05-25,12.956
2006-05-26,13.02
2006-05-29,13.02
2006-05-30,13.064
2006-05-31,12.84
2006-06-01,12.54
2006-06-02,12.72
2006-06-05,12.676
2006-06-06,12.508
2006-06-07,12.46
2006-06-08,12.182
2006-06-09,12.056
2006-06-12,12.016
2006-06-13,11.174
2006-06-14,11.12
2006-06-15,11.43
2006-06-16,11.538
2006-06-19,11.29
2006-06-20,11.45
2006-06-21,11.69
2006-06-22,11.55
2006-06-23,11.62
2006-06-26,11.652
2006-06-27,11.554
2006-06-28,11.52
2006-06-29,11.92
2006-06-30,12.246
2006-07-03,12.484
2006-07-04,12.484
2006-07-05,12.496
2006-07-06,12.61
2006-07-07,12.54
2006-07-10,12.43
2006-07-11,12.798
2006-07-12,12.99
2006-07-13,13.12
2006-07-14,13.216
2006-07-17,12.806
2006-07-18,12.572
2006-07-19,12.838
2006-07-20,12.516
2006-07-21,12.37
2006-07-24,12.216
2006-07-25,12.338
2006-07-26,12.4
2006-07-27,12.592
2006-07-28,12.63
2006-07-31,12.652
2006-08-01,12.888
2006-08-02,12.946
2006-08-03,12.83
2006-08-04,12.8724
2006-08-07,12.926
2006-08-08,12.822
2006-08-09,12.942
2006-08-10,12.664
2006-08-11,12.56
2006-08-14,12.456
2006-08-15,12.4
2006-08-16,12.48
2006-08-17,12.23
2006-08-18,12.22
2006-08-21,12.494
2006-08-22,12.428
2006-08-23,12.374
2006-08-24,12.352
2006-08-25,12.35
2006-08-28,12.19
2006-08-29,12.21
2006-08-30,12.312
2006-08-31,12.464
2006-09-01,12.456
2006-09-04,12.456
2006-09-05,12.714
2006-09-06,12.582
2006-09-07,12.262
2006-09-08,12.137
2006-09-11,11.718
2006-09-12,11.698
2006-09-13,11.732
2006-09-14,11.444
2006-09-15,11.492
2006-09-18,11.662
2006-09-19,11.383
2006-09-20,11.46
2006-09-21,11.604
2006-09-22,11.712
2006-09-25,11.69
2006-09-26,11.75
2006-09-27,11.97
2006-09-28,11.96
2006-09-29,11.904
2006-10-02,11.82
2006-10-03,11.43
2006-10-04,11.274
2006-10-05,11.392
2006-10-06,11.37
2006-10-09,11.434
2006-10-10,11.386
2006-10-11,11.37
2006-10-12,11.516
2006-10-13,11.72
2006-10-16,11.836
2006-10-17,11.726
2006-10-18,11.712
2006-10-19,11.908
2006-10-20,11.742
2006-10-23,11.546
2006-10-24,11.64
2006-10-25,11.746
2006-10-26,11.846
2006-10-27,11.89
2006-10-30,11.982
2006-10-31,12.026
2006-11-01,12.278
2006-11-02,12.4
2006-11-03,12.478
2006-11-06,12.394
2006-11-07,12.42
2006-11-08,12.236
2006-11-09,12.606
2006-11-10,12.496
2006-11-13,12.426
2006-11-14,12.332
2006-11-15,12.378
2006-11-16,12.266
2006-11-17,12.354
2006-11-20,12.354
2006-11-21,12.47
2006-11-22,12.544
2006-11-23,12.544
2006-11-24,12.698
2006-11-27,12.74
2006-11-28,12.708
2006-11-29,12.648
2006-11-30,12.884
2006-12-01,12.83
2006-12-04,12.836
2006-12-05,12.778
2006-12-06,12.536
2006-12-07,12.552
2006-12-08,12.416
2006-12-11,12.528
2006-12-12,12.518
2006-12-13,12.494
2006-12-14,12.428
2006-12-15,12.222
2006-12-18,12.22
2006-12-19,12.37
2006-12-20,12.34
2006-12-21,12.284
2006-12-22,12.318
2006-12-25,12.318
2006-12-26,12.41
2006-12-27,12.476
2006-12-28,12.61
2006-12-29,12.65
2007-01-01,12.65
2007-01-02,12.65
2007-01-03,12.46
2007-01-04,12.36
2007-01-05,12.042
2007-01-08,12.108
2007-01-09,12.188
2007-01-10,12.14
2007-01-11,12.15
2007-01-12,12.44
2007-01-15,12.44
2007-01-16,12.43
2007-01-17,12.552
2007-01-18,12.45
2007-01-19,12.624
2007-01-22,12.568
2007-01-23,12.856
2007-01-24,12.882
2007-01-25,12.826
2007-01-26,12.836
2007-01-29,12.772
2007-01-30,12.86
2007-01-31,12.97
2007-02-01,13.056
2007-02-02,12.87
2007-02-05,12.868
2007-02-06,12.974
2007-02-07,12.948
2007-02-08,13.116
2007-02-09,13.24
2007-02-12,13.146
2007-02-13,13.184
2007-02-14,13.29
2007-02-15,13.3
2007-02-16,13.284
2007-02-19,13.284
2007-02-20,13.074
2007-02-21,13.472
2007-02-22,13.452
2007-02-23,13.556
2007-02-26,13.648
2007-02-27,13.15
2007-02-28,13.308
2007-03-01,13.174
2007-03-02,12.738
2007-03-05,12.604
2007-03-06,12.856
2007-03-07,12.89
2007-03-08,12.928
2007-03-09,12.89
2007-03-12,12.906
2007-03-13,12.768
2007-03-14,12.812
2007-03-15,12.824
2007-03-16,12.94
2007-03-19,12.982
2007-03-20,13.05
2007-03-21,13.168
2007-03-22,13.17
2007-03-23,13.046
2007-03-26,13.18
2007-03-27,13.152
2007-03-28,13.23
2007-03-29,13.138
2007-03-30,13.166
2007-04-02,13.182
2007-04-03,13.182
2007-04-04,13.378
2007-04-05,13.39
2007-04-06,13.39
2007-04-09,13.32
2007-04-10,13.424
2007-04-11,13.424
2007-04-12,13.412
2007-04-13,13.582
2007-04-16,13.688
2007-04-17,13.62
2007-04-18,13.6902
2007-04-19,13.53
2007-04-20,13.734
2007-04-23,13.668
2007-04-24,13.568
2007-04-25,13.598
2007-04-26,13.382
2007-04-27,13.52
2007-04-30,13.44
2007-05-01,13.36
2007-05-02,13.348
2007-05-03,13.516
2007-05-04,13.652
2007-05-07,13.664
2007-05-08,13.592
2007-05-09,13.506
2007-05-10,13.216
2007-05-11,13.31
2007-05-14,13.274
2007-05-15,13.332
2007-05-16,13.138
2007-05-17,13.034
2007-05-18,13.12
2007-05-21,13.154
2007-05-22,13.068
2007-05-23,13.128
2007-05-24,12.968
2007-05-25,12.998
2007-05-28,12.998
2007-05-29,13.042
2007-05-30,12.958
2007-05-31,13.118
2007-06-01,13.312
2007-06-04,13.31
2007-06-05,13.278
2007-06-06,13.3
2007-06-07,13.07
2007-06-08,12.848
2007-06-11,12.962
2007-06-12,12.836
2007-06-13,12.924
2007-06-14,12.93
2007-06-15,12.986
2007-06-18,13.012
2007-06-19,13.106
2007-06-20,12.94
2007-06-21,12.908
2007-06-22,12.98
2007-06-25,12.906
2007-06-26,12.746
2007-06-27,12.76
2007-06-28,12.884
2007-06-29,12.882
2007-07-02,13.02
2007-07-03,12.9591
2007-07-04,12.9591
2007-07-05,12.9
2007-07-06,13.016
2007-07-09,13.09
2007-07-10,13.142
2007-07-11,13.086
2007-07-12,13.2
2007-07-13,13.202
2007-07-16,13.182
2007-07-17,13.1614
2007-07-18,13.34
2007-07-19,13.424
2007-07-20,13.53
2007-07-23,13.486
2007-07-24,13.504
2007-07-25,13.376
2007-07-26,13.134
2007-07-27,13.1
2007-07-30,13.154
2007-07-31,13.182
2007-08-01,13.194
2007-08-02,13.184
2007-08-03,13.366
2007-08-06,13.316
2007-08-07,13.31
2007-08-08,13.35
2007-08-09,13.102
2007-08-10,13.334
2007-08-13,13.254
2007-08-14,13.254
2007-08-15,13.228
2007-08-16,12.924
2007-08-17,13.028
2007-08-20,13.016
2007-08-21,13.034
2007-08-22,13.1
2007-08-23,13.052
2007-08-24,13.238
2007-08-27,13.222
2007-08-28,13.118
2007-08-29,13.23
2007-08-30,13.172
2007-08-31,13.3272
2007-09-03,13.3272
2007-09-04,13.508
2007-09-05,13.524
2007-09-06,13.794
2007-09-07,13.886
2007-09-10,13.936
2007-09-11,14.106
2007-09-12,14.106
2007-09-13,14.03
2007-09-14,14.036
2007-09-17,14.214
2007-09-18,14.34
2007-09-19,14.316
2007-09-20,14.564
2007-09-21,14.492
2007-09-24,14.476
2007-09-25,14.492
2007-09-26,14.436
2007-09-27,14.546
2007-09-28,14.726
2007-10-01,14.808
2007-10-02,14.502
2007-10-03,14.422
2007-10-04,14.62
2007-10-05,14.708
2007-10-08,14.522
2007-10-09,14.6145
2007-10-10,14.692
2007-10-11,14.806
2007-10-12,14.858
2007-10-15,15.042
2007-10-16,15.036
2007-10-17,14.942
2007-10-18,15.19
2007-10-19,15.166
2007-10-22,14.938
2007-10-23,15.044
2007-10-24,15.138
2007-10-25,15.232
2007-10-26,15.558
2007-10-29,15.648
2007-10-30,15.498
2007-10-31,15.72
2007-11-01,15.624
2007-11-02,15.988
2007-11-05,15.972
2007-11-06,16.2826
2007-11-07,16.488
2007-11-08,16.414
2007-11-09,16.486
2007-11-12,15.696
2007-11-13,15.838
2007-11-14,16.038
2007-11-15,15.5924
2007-11-16,15.546
2007-11-19,15.478
2007-11-20,15.922
2007-11-21,15.852
2007-11-22,15.852
2007-11-23,16.298
2007-11-26,16.2695
2007-11-27,16.06
2007-11-28,15.942
2007-11-29,15.676
2007-11-30,15.498
2007-12-03,15.666
2007-12-04,15.88
2007-12-05,15.772
2007-12-06,15.89
2007-12-07,15.758
2007-12-10,16.022
2007-12-11,15.792
2007-12-12,16.092
2007-12-13,15.786
2007-12-14,15.732
2007-12-17,15.63
2007-12-18,15.856
2007-12-19,15.88
2007-12-20,15.752
2007-12-21,16.034
2007-12-24,16.048
2007-12-25,16.048
2007-12-26,16.336
2007-12-27,16.318
2007-12-28,16.606
2007-12-31,16.49
2008-01-01,16.49
2008-01-02,16.978
2008-01-03,17.114
2008-01-04,17.052
2008-01-07,16.984
2008-01-08,17.376
2008-01-09,17.368
2008-01-10,17.672
2008-01-11,17.736
2008-01-14,17.93
2008-01-15,17.65
2008-01-16,17.34
2008-01-17,17.344
2008-01-18,17.524
2008-01-21,17.524
2008-01-22,17.66
2008-01-23,17.588
2008-01-24,18.048
2008-01-25,18.0719
2008-01-28,18.396
2008-01-29,18.262
2008-01-30,18.38
2008-01-31,18.3
2008-02-01,17.86
2008-02-04,17.81
2008-02-05,17.558
2008-02-06,17.816
2008-02-07,17.978
2008-02-08,18.2
2008-02-11,18.302
2008-02-12,17.902
2008-02-13,17.928
2008-02-14,17.962
2008-02-15,17.85
2008-02-18,17.85
2008-02-19,18.338
2008-02-20,18.676
2008-02-21,18.674
2008-02-22,18.708
2008-02-25,18.572
2008-02-26,18.778
2008-02-27,18.99
2008-02-28,19.18
2008-02-29,19.272
2008-03-03,19.48
2008-03-04,18.95
2008-03-05,19.586
2008-03-06,19.298
2008-03-07,19.258
2008-03-10,19.222
2008-03-11,19.242
2008-03-12,19.444
2008-03-13,19.704
2008-03-14,19.83
2008-03-17,19.878
2008-03-18,19.33
2008-03-19,18.704
2008-03-20,18.034
2008-03-21,18.034
2008-03-24,18.028
2008-03-25,18.542
2008-03-26,18.738
2008-03-27,18.726
2008-03-28,18.4
2008-03-31,18.134
2008-04-01,17.41
2008-04-02,17.834
2008-04-03,17.91
2008-04-04,18.066
2008-04-07,18.25
2008-04-08,18.11
2008-04-09,18.438
2008-04-10,18.372
2008-04-11,18.286
2008-04-14,18.24
2008-04-15,18.336
2008-04-16,18.666
2008-04-17,18.532
2008-04-18,18.156
2008-04-21,18.066
2008-04-22,18.058
2008-04-23,17.834
2008-04-24,17.436
2008-04-25,17.438
2008-04-28,17.62
2008-04-29,17.17
2008-04-30,17.298
2008-05-01,16.768
2008-05-02,16.904
2008-05-05,17.246
2008-05-06,17.348
2008-05-07,17.138
2008-05-08,17.454
2008-05-09,17.466
2008-05-12,17.44
2008-05-13,17.086
2008-05-14,17.05
2008-05-15,17.426
2008-05-16,17.828
2008-05-19,17.892
2008-05-20,18.16
2008-05-21,18.388
2008-05-22,18.208
2008-05-23,18.256
2008-05-26,18.256
2008-05-27,17.89
2008-05-28,17.82
2008-05-29,17.33
2008-05-30,17.494
2008-06-02,17.594
2008-06-03,17.374
2008-06-04,17.328
2008-06-05,17.336
2008-06-06,17.794
2008-06-09,17.574
2008-06-10,17.088
2008-06-11,17.406
2008-06-12,17.136
2008-06-13,17.172
2008-06-16,17.392
2008-06-17,17.43
2008-06-18,17.65
2008-06-19,17.736
2008-06-20,17.804
2008-06-23,17.428
2008-06-24,17.528
2008-06-25,17.488
2008-06-26,18.086
2008-06-27,18.314
2008-06-30,18.246
2008-07-01,18.508
2008-07-02,18.676
2008-07-03,18.436
2008-07-04,18.436
2008-07-07,18.27
2008-07-08,18.192
2008-07-09,18.304
2008-07-10,18.668
2008-07-11,19.0
2008-07-14,19.22
2008-07-15,19.259
2008-07-16,18.89
2008-07-17,18.876
2008-07-18,18.856
2008-07-21,19.062
2008-07-22,18.622
2008-07-23,18.1326
2008-07-24,18.31
2008-07-25,18.33
2008-07-28,18.366
2008-07-29,18.148
2008-07-30,17.922
2008-07-31,18.024
2008-08-01,17.95
2008-08-04,17.642
2008-08-05,17.242
2008-08-06,17.33
2008-08-07,17.196
2008-08-08,16.868
2008-08-11,16.262
2008-08-12,16.128
2008-08-13,16.348
2008-08-14,15.8692
2008-08-15,15.502
2008-08-18,15.798
2008-08-19,16.118
2008-08-20,15.982
2008-08-21,16.474
2008-08-22,16.25
2008-08-25,16.2
2008-08-26,16.268
2008-08-27,16.28
2008-08-28,16.47
2008-08-29,16.394
2008-09-01,16.394
2008-09-02,15.816
2008-09-03,15.828
2008-09-04,15.688
2008-09-05,15.778
2008-09-08,15.78
2008-09-09,15.28
2008-09-10,14.88
2008-09-11,14.6
2008-09-12,15.116
2008-09-15,15.516
2008-09-16,15.318
2008-09-17,17.11
2008-09-18,16.648
2008-09-19,17.252
2008-09-22,17.824
2008-09-23,17.712
2008-09-24,17.398
2008-09-25,17.33
2008-09-26,17.386
2008-09-29,17.888
2008-09-30,17.094
2008-10-01,17.25
2008-10-02,16.434
2008-10-03,16.55
2008-10-06,16.922
2008-10-07,17.4
2008-10-08,17.95
2008-10-09,18.2
2008-10-10,16.6544
2008-10-13,16.374
2008-10-14,16.448
2008-10-15,16.716
2008-10-16,15.878
2008-10-17,15.404
2008-10-20,15.7212
2008-10-21,15.256
2008-10-22,14.392
2008-10-23,14.21
2008-10-24,14.424
2008-10-27,14.482
2008-10-28,14.752
2008-10-29,14.858
2008-10-30,14.52
2008-10-31,14.316
2008-11-03,14.25
2008-11-04,15.13
2008-11-05,14.6
2008-11-06,14.498
2008-11-07,14.518
2008-11-10,14.75
2008-11-11,14.45
2008-11-12,14.068
2008-11-13,14.48
2008-11-14,14.674
2008-11-17,14.596
2008-11-18,14.522
2008-11-19,14.52
2008-11-20,14.752
2008-11-21,15.83
2008-11-24,16.226
2008-11-25,16.182
2008-11-26,16.1
2008-11-27,16.1
2008-11-28,16.068
2008-12-01,15.158
2008-12-02,15.404
2008-12-03,15.238
2008-12-04,15.112
2008-12-05,14.934
2008-12-08,15.2476
2008-12-09,15.282
2008-12-10,15.96
2008-12-11,16.148
2008-12-12,16.176
2008-12-15,16.528
2008-12-16,16.9216
2008-12-17,17.09
2008-12-18,16.782
2008-12-19,16.512
2008-12-22,16.702
2008-12-23,16.544
2008-12-24,16.7
2008-12-25,16.7
2008-12-26,17.14
2008-12-29,17.29
2008-12-30,17.188
2008-12-31,17.332
2009-01-01,17.332
2009-01-02,17.27
2009-01-05,16.908
2009-01-06,17.044
2009-01-07,16.561
2009-01-08,16.888
2009-01-09,16.804
2009-01-12,16.176
2009-01-13,16.192
2009-01-14,15.972
2009-01-15,16.078
2009-01-16,16.556
2009-01-19,16.556
2009-01-20,16.902
2009-01-21,16.83
2009-01-22,16.934
2009-01-23,17.698
2009-01-26,17.806
2009-01-27,17.674
2009-01-28,17.474
2009-01-29,17.916
2009-01-30,18.272
2009-02-02,17.762
2009-02-03,17.7
2009-02-04,17.838
2009-02-05,18.038
2009-02-06,17.926
2009-02-09,17.674
2009-02-10,18.06
2009-02-11,18.476
2009-02-12,18.648
2009-02-13,18.522
2009-02-16,18.522
2009-02-17,19.108
2009-02-18,19.38
2009-02-19,19.152
2009-02-20,19.57
2009-02-23,19.5504
2009-02-24,18.96
2009-02-25,18.654
2009-02-26,18.61
2009-02-27,18.532
2009-03-02,18.204
2009-03-03,18.006
2009-03-04,17.814
2009-03-05,18.414
2009-03-06,18.492
2009-03-09,18.132
2009-03-10,17.648
2009-03-11,17.84
2009-03-12,18.224
2009-03-13,18.26
2009-03-16,18.1769
2009-03-17,18.032
2009-03-18,18.644
2009-03-19,18.866
2009-03-20,18.728
2009-03-23,18.432
2009-03-24,18.228
2009-03-25,18.408
2009-03-26,18.3864
2009-03-27,18.174
2009-03-30,18.024
2009-03-31,18.078
2009-04-01,18.218
2009-04-02,17.774
2009-04-03,17.548
2009-04-06,17.074
2009-04-07,17.356
2009-04-08,17.334
2009-04-09,17.278
2009-04-10,17.278
2009-04-13,17.594
2009-04-14,17.502
2009-04-15,17.538
2009-04-16,17.192
2009-04-17,17.054
2009-04-20,17.402
2009-04-21,17.384
2009-04-22,17.49
2009-04-23,17.772
2009-04-24,17.954
2009-04-27,17.818
2009-04-28,17.582
2009-04-29,17.69
2009-04-30,17.468
2009-05-01,17.412
2009-05-04,17.74
2009-05-05,17.68
2009-05-06,17.93
2009-05-07,17.886
2009-05-08,18.006
2009-05-11,17.964
2009-05-12,18.15
2009-05-13,18.23
2009-05-14,18.208
2009-05-15,18.32
2009-05-18,18.084
2009-05-19,18.204
2009-05-20,18.458
2009-05-21,18.78
2009-05-22,18.826
2009-05-25,18.826
2009-05-26,18.746
2009-05-27,18.696
2009-05-28,18.8516
2009-05-29,19.256
2009-06-01,19.158
2009-06-02,19.296
2009-06-03,18.902
2009-06-04,19.262
2009-06-05,18.75
2009-06-08,18.718
2009-06-09,18.782
2009-06-10,18.78
2009-06-11,18.752
2009-06-12,18.452
2009-06-15,18.238
2009-06-16,18.396
2009-06-17,18.46
2009-06-18,18.3372
2009-06-19,18.384
2009-06-22,18.116
2009-06-23,18.202
2009-06-24,18.298
2009-06-25,18.47
2009-06-26,18.482
2009-06-29,18.434
2009-06-30,18.25
2009-07-01,18.486
2009-07-02,18.282
2009-07-03,18.282
2009-07-06,18.174
2009-07-07,18.164
2009-07-08,17.864
2009-07-09,17.924
2009-07-10,17.932
2009-07-13,18.066
2009-07-14,18.186
2009-07-15,18.466
2009-07-16,18.41
2009-07-17,18.392
2009-07-20,18.68
2009-07-21,18.638
2009-07-22,18.696
2009-07-23,18.6724
2009-07-24,18.696
2009-07-27,18.758
2009-07-28,18.434
2009-07-29,18.248
2009-07-30,18.338
2009-07-31,18.7
2009-08-03,18.798
2009-08-04,18.964
2009-08-05,18.964
2009-08-06,18.926
2009-08-07,18.752
2009-08-10,18.588
2009-08-11,18.576
2009-08-12,18.59
2009-08-13,18.746
2009-08-14,18.606
2009-08-17,18.348
2009-08-18,18.424
2009-08-19,18.524
2009-08-20,18.476
2009-08-21,18.74
2009-08-24,18.472
2009-08-25,18.564
2009-08-26,18.58
2009-08-27,18.646
2009-08-28,18.78
2009-08-31,18.69
2009-09-01,18.786
2009-09-02,19.248
2009-09-03,19.498
2009-09-04,19.52
2009-09-07,19.52
2009-09-08,19.512
2009-09-09,19.448
2009-09-10,19.552
2009-09-11,19.756
2009-09-14,19.612
2009-09-15,19.794
2009-09-16,19.99
2009-09-17,19.892
2009-09-18,19.766
2009-09-21,19.7
2009-09-22,19.944
2009-09-23,19.786
2009-09-24,19.522
2009-09-25,19.426
2009-09-28,19.426
2009-09-29,19.494
2009-09-30,19.786
2009-10-01,19.604
2009-10-02,19.684
2009-10-05,19.966
2009-10-06,20.466
2009-10-07,20.482
2009-10-08,20.742
2009-10-09,20.584
2009-10-12,20.724
2009-10-13,20.854
2009-10-14,20.844
2009-10-15,20.598
2009-10-16,20.664
2009-10-19,20.862
2009-10-20,20.704
2009-10-21,20.76
2009-10-22,20.798
2009-10-23,20.714
2009-10-26,20.39
2009-10-27,20.382
2009-10-28,20.164
2009-10-29,20.552
2009-10-30,20.534
2009-11-02,20.79
2009-11-03,21.308
2009-11-04,21.436
2009-11-05,21.402
2009-11-06,21.508
2009-11-09,21.648
2009-11-10,21.69
2009-11-11,21.934
2009-11-12,21.662
2009-11-13,21.97
2009-11-16,22.344
2009-11-17,22.416
2009-11-18,22.478
2009-11-19,22.476
2009-11-20,22.592
2009-11-23,22.87
2009-11-24,22.966
2009-11-25,23.354
2009-11-26,23.354
2009-11-27,23.036
2009-11-30,23.148
2009-12-01,23.498
2009-12-02,23.852
2009-12-03,23.766
2009-12-04,22.774
2009-12-07,22.634
2009-12-08,22.198
2009-12-09,22.186
2009-12-10,22.18
2009-12-11,21.87
2009-12-14,22.06
2009-12-15,22.06
2009-12-16,22.33
2009-12-17,21.496
2009-12-18,21.814
2009-12-21,21.398
2009-12-22,21.244
2009-12-23,21.332
2009-12-24,21.68
2009-12-25,21.68
2009-12-28,21.73
2009-12-29,21.508
2009-12-30,21.404
2009-12-31,21.474
2010-01-01,21.474
2010-01-04,21.978
2010-01-05,21.9538
2010-01-06,22.326
2010-01-07,22.182
2010-01-08,22.29
2010-01-11,22.598
2010-01-12,22.112
2010-01-13,22.326
2010-01-14,22.426
2010-01-15,22.194
2010-01-18,22.194
2010-01-19,22.334
2010-01-20,21.802
2010-01-21,21.492
2010-01-22,21.444
2010-01-25,21.512
2010-01-26,21.526
2010-01-27,21.322
2010-01-28,21.306
2010-01-29,21.204
2010-02-01,21.68
2010-02-02,21.836
2010-02-03,21.744
2010-02-04,20.89
2010-02-05,20.928
2010-02-08,20.82
2010-02-09,21.094
2010-02-10,21.03
2010-02-11,21.442
2010-02-12,21.422
2010-02-15,21.422
2010-02-16,21.936
2010-02-17,21.866
2010-02-18,22.01
2010-02-19,21.912
2010-02-22,21.834
2010-02-23,21.592
2010-02-24,21.484
2010-02-25,21.668
2010-02-26,21.892
2010-03-01,21.896
2010-03-02,22.22
2010-03-03,22.336
2010-03-04,22.19
2010-03-05,22.18
2010-03-08,21.992
2010-03-09,21.958
2010-03-10,21.7
2010-03-11,21.728
2010-03-12,21.61
2010-03-15,21.692
2010-03-16,22.088
2010-03-17,21.928
2010-03-18,22.076
2010-03-19,21.672
2010-03-22,21.562
2010-03-23,21.676
2010-03-24,21.284
2010-03-25,21.368
2010-03-26,21.73
2010-03-29,21.766
2010-03-30,21.608
2010-03-31,21.806
2010-04-01,22.066
2010-04-02,22.066
2010-04-05,22.184
2010-04-06,22.224
2010-04-07,22.506
2010-04-08,22.544
2010-04-09,22.748
2010-04-12,22.626
2010-04-13,22.546
2010-04-14,22.62
2010-04-15,22.742
2010-04-16,22.268
2010-04-19,22.242
2010-04-20,22.308
2010-04-21,22.482
2010-04-22,22.384
2010-04-23,22.646
2010-04-26,22.568
2010-04-27,22.942
2010-04-28,22.872
2010-04-29,22.87
2010-04-30,23.084
2010-05-03,23.164
2010-05-04,22.99
2010-05-05,23.034
2010-05-06,23.704
2010-05-07,23.67
2010-05-10,23.518
2010-05-11,24.14
2010-05-12,24.29
2010-05-13,24.132
2010-05-14,24.096
2010-05-17,23.888
2010-05-18,23.906
2010-05-19,23.352
2010-05-20,23.176
2010-05-21,23.06
2010-05-24,23.376
2010-05-25,23.48
2010-05-26,23.712
2010-05-27,23.75
2010-05-28,23.778
2010-05-31,23.778
2010-06-01,23.986
2010-06-02,23.97
2010-06-03,23.602
2010-06-04,23.858
2010-06-07,24.305
2010-06-08,24.216
2010-06-09,24.126
2010-06-10,23.804
2010-06-11,24.024
2010-06-14,23.94
2010-06-15,24.216
2010-06-16,24.082
2010-06-17,24.392
2010-06-18,24.584
2010-06-21,24.096
2010-06-22,24.304
2010-06-23,24.212
2010-06-24,24.28
2010-06-25,24.58
2010-06-28,24.22
2010-06-29,24.28
2010-06-30,24.34
2010-07-01,23.42
2010-07-02,23.7
2010-07-05,23.7
2010-07-06,23.32
2010-07-07,23.56
2010-07-08,23.48
2010-07-09,23.68
2010-07-12,23.5
2010-07-13,23.68
2010-07-14,23.68
2010-07-15,23.66
2010-07-16,23.356
2010-07-19,23.16
2010-07-20,23.36
2010-07-21,23.18
2010-07-22,23.38
2010-07-23,23.22
2010-07-26,23.12
2010-07-27,22.74
2010-07-28,22.78
2010-07-29,22.86
2010-07-30,23.12
2010-08-02,23.14
2010-08-03,23.22
2010-08-04,23.36
2010-08-05,23.4
2010-08-06,23.6
2010-08-09,23.5
2010-08-10,23.58
2010-08-11,23.5
2010-08-12,23.78
2010-08-13,23.78
2010-08-16,23.94
2010-08-17,23.96
2010-08-18,24.06
2010-08-19,24.08
2010-08-20,24.02
2010-08-23,23.98
2010-08-24,24.1
2010-08-25,24.28
2010-08-26,24.2
2010-08-27,24.24
2010-08-30,24.2
2010-08-31,24.44
2010-09-01,24.38
2010-09-02,24.48
2010-09-03,24.38
2010-09-06,24.38
2010-09-07,24.58
2010-09-08,24.58
2010-09-09,24.34
2010-09-10,24.36
2010-09-13,24.36
2010-09-14,24.82
2010-09-15,24.8
2010-09-16,24.96
2010-09-17,24.94
2010-09-20,25.02
2010-09-21,25.24
2010-09-22,25.28
2010-09-23,25.28
2010-09-24,25.34
2010-09-27,25.38
2010-09-28,25.62
2010-09-29,25.6
2010-09-30,25.6
2010-10-01,25.82
2010-10-04,25.74
2010-10-05,26.24
2010-10-06,26.4
2010-10-07,26.1
2010-10-08,26.36
2010-10-11,26.48
2010-10-12,26.41
2010-10-13,26.86
2010-10-14,27.0
2010-10-15,26.76
2010-10-18,26.88
2010-10-19,26.08
2010-10-20,26.28
2010-10-21,25.94
2010-10-22,25.96
2010-10-25,26.22
2010-10-26,26.2
2010-10-27,25.92
2010-10-28,26.278
2010-10-29,26.56
2010-11-01,26.42
2010-11-02,26.54
2010-11-03,26.34
2010-11-04,27.22
2010-11-05,27.3
2010-11-08,27.6
2010-11-09,27.14
2010-11-10,27.48
2010-11-11,27.54
2010-11-12,26.76
2010-11-15,26.5
2010-11-16,26.24
2010-11-17,26.14
2010-11-18,26.46
2010-11-19,26.46
2010-11-22,26.73
2010-11-23,26.92
2010-11-24,26.87
2010-11-25,26.87
2010-11-26,26.58
2010-11-29,26.72
2010-11-30,27.12
2010-12-01,27.14
2010-12-02,27.06
2010-12-03,27.64
2010-12-06,27.878
2010-12-07,27.34
2010-12-08,27.0
2010-12-09,27.12
2010-12-10,27.12
2010-12-13,27.24
2010-12-14,27.265
2010-12-15,27.0
2010-12-16,26.82
2010-12-17,26.88
2010-12-20,27.06
2010-12-21,27.1
2010-12-22,27.045
2010-12-23,26.98
2010-12-24,26.98
2010-12-27,27.04
2010-12-28,27.48
2010-12-29,27.58
2010-12-30,27.44
2010-12-31,27.8
2011-01-03,27.64
2011-01-04,27.0
2011-01-05,26.92
2011-01-06,26.82
2011-01-07,26.77
2011-01-10,26.875
2011-01-11,27.005
2011-01-12,27.125
2011-01-13,26.85
2011-01-14,26.595
2011-01-17,26.595
2011-01-18,26.72
2011-01-19,26.78
2011-01-20,26.265
2011-01-21,26.26
2011-01-24,26.1
2011-01-25,26.06
2011-01-26,26.275
2011-01-27,25.64
2011-01-28,26.08
2011-01-31,26.02
2011-02-01,26.18
2011-02-02,26.14
2011-02-03,26.465
2011-02-04,26.37
2011-02-07,26.395
2011-02-08,26.68
2011-02-09,26.68
2011-02-10,26.64
2011-02-11,26.51
2011-02-14,26.64
2011-02-15,26.825
2011-02-16,26.865
2011-02-17,27.06
2011-02-18,27.12
2011-02-21,27.12
2011-02-22,27.31
2011-02-23,27.56
2011-02-24,27.36
2011-02-25,27.54
2011-02-28,27.58
2011-03-01,28.06
2011-03-02,28.04
2011-03-03,27.68
2011-03-04,27.92
2011-03-07,28.0
2011-03-08,27.92
2011-03-09,27.94
2011-03-10,27.615
2011-03-11,27.7
2011-03-14,27.84
2011-03-15,27.32
2011-03-16,27.29
2011-03-17,27.44
2011-03-18,27.72
2011-03-21,27.9
2011-03-22,27.88
2011-03-23,28.12
2011-03-24,27.88
2011-03-25,27.9
2011-03-28,27.74
2011-03-29,27.72
2011-03-30,27.78
2011-03-31,28.04
2011-04-01,27.9
2011-04-04,28.0
2011-04-05,28.46
2011-04-06,28.54
2011-04-07,28.54
2011-04-08,28.78
2011-04-11,28.6
2011-04-12,28.4
2011-04-13,28.46
2011-04-14,28.82
2011-04-15,29.06
2011-04-18,29.24
2011-04-19,29.2548
2011-04-20,29.34
2011-04-21,29.4
2011-04-22,29.4
2011-04-25,29.44
2011-04-26,29.34
2011-04-27,29.9
2011-04-28,30.02
2011-04-29,30.54
2011-05-02,30.12
2011-05-03,30.02
2011-05-04,29.62
2011-05-05,28.76
2011-05-06,29.14
2011-05-09,29.56
2011-05-10,29.64
2011-05-11,29.38
2011-05-12,29.38
2011-05-13,29.18
2011-05-16,29.14
2011-05-17,29.0
2011-05-18,29.18
2011-05-19,29.2
2011-05-20,29.576
2011-05-23,29.64
2011-05-24,29.8
2011-05-25,29.8
2011-05-26,29.72
2011-05-27,30.02
2011-05-30,30.02
2011-05-31,29.98
2011-06-01,30.04
2011-06-02,29.98
2011-06-03,30.1
2011-06-06,30.15
2011-06-07,30.14
2011-06-08,30.02
2011-06-09,30.16
2011-06-10,29.92
2011-06-13,29.6
2011-06-14,29.79
2011-06-15,29.9
2011-06-16,29.84
2011-06-17,30.06
2011-06-20,30.08
2011-06-21,30.2
2011-06-22,30.28
2011-06-23,29.74
2011-06-24,29.32
2011-06-27,29.22
2011-06-28,29.32
2011-06-29,29.52
2011-06-30,29.28
2011-07-01,29.04
2011-07-04,29.04
2011-07-05,29.6
2011-07-06,29.86
2011-07-07,29.92
2011-07-08,30.14
2011-07-11,30.38
2011-07-12,30.64
2011-07-13,30.9
2011-07-14,31.0
2011-07-15,31.12
2011-07-18,31.378
2011-07-19,31.0
2011-07-20,31.26
2011-07-21,31.06
2011-07-22,31.3
2011-07-25,31.54
2011-07-26,31.64
2011-07-27,31.5
2011-07-28,31.54
2011-07-29,31.74
2011-08-01,31.62
2011-08-02,32.38
2011-08-03,32.38
2011-08-04,32.22
2011-08-05,32.44
2011-08-08,33.48
2011-08-09,33.8
2011-08-10,35.0
2011-08-11,34.24
2011-08-12,34.08
2011-08-15,34.46
2011-08-16,34.88
2011-08-17,34.98
2011-08-18,35.64
2011-08-19,36.082
2011-08-22,37.0
2011-08-23,35.62
2011-08-24,34.42
2011-08-25,34.56
2011-08-26,35.6
2011-08-29,34.88
2011-08-30,35.92
2011-08-31,35.64
2011-09-01,35.66
2011-09-02,36.74
2011-09-05,36.74
2011-09-06,36.68
2011-09-07,35.5
2011-09-08,36.46
2011-09-09,36.24
2011-09-12,35.42
2011-09-13,35.7974
2011-09-14,35.54
2011-09-15,34.957
2011-09-16,35.2603
2011-09-19,34.72
2011-09-20,35.24
2011-09-21,34.8
2011-09-22,33.94
2011-09-23,32.04
2011-09-26,31.58
2011-09-27,32.22
2011-09-28,31.3
2011-09-29,31.62
2011-09-30,31.66
2011-10-03,32.26
2011-10-04,31.617
2011-10-05,31.98
2011-10-06,32.18
2011-10-07,31.94
2011-10-10,32.74
2011-10-11,32.5
2011-10-12,32.72
2011-10-13,32.56
2011-10-14,32.78
2011-10-17,32.6
2011-10-18,32.48
2011-10-19,32.04
2011-10-20,31.64
2011-10-21,31.98
2011-10-24,32.28
2011-10-25,33.22
2011-10-26,33.56
2011-10-27,33.98
2011-10-28,34.02
2011-10-31,33.54
2011-11-01,33.54
2011-11-02,33.9
2011-11-03,34.42
2011-11-04,34.28
2011-11-07,35.08
2011-11-08,34.82
2011-11-09,34.52
2011-11-10,34.34
2011-11-11,34.88
2011-11-14,34.72
2011-11-15,34.78
2011-11-16,34.38
2011-11-17,33.5
2011-11-18,33.64
2011-11-21,32.814
2011-11-22,33.16
2011-11-23,33.08
2011-11-24,33.08
2011-11-25,32.78
2011-11-28,33.42
2011-11-29,33.46
2011-11-30,34.12
2011-12-01,34.04
2011-12-02,34.06
2011-12-05,33.56
2011-12-06,33.74
2011-12-07,33.96
2011-12-08,33.3
2011-12-09,33.36
2011-12-12,32.5
2011-12-13,31.8
2011-12-14,30.64
2011-12-15,30.56
2011-12-16,31.14
2011-12-19,31.08
2011-12-20,31.5
2011-12-21,31.5
2011-12-22,31.28
2011-12-23,31.34
2011-12-26,31.34
2011-12-27,31.06
2011-12-28,30.3
2011-12-29,30.144
2011-12-30,30.46
2012-01-02,30.46
2012-01-03,31.28
2012-01-04,31.44
2012-01-05,31.62
2012-01-06,31.52
2012-01-09,31.394
2012-01-10,31.84
2012-01-11,32.02
2012-01-12,32.16
2012-01-13,31.94
2012-01-16,31.94
2012-01-17,32.18
2012-01-18,32.4
2012-01-19,32.32
2012-01-20,32.48
2012-01-23,32.74
2012-01-24,32.48
2012-01-25,33.4
2012-01-26,33.54
2012-01-27,33.902
2012-01-30,33.72
2012-01-31,33.96
2012-02-01,34.02
2012-02-02,34.3
2012-02-03,33.636
2012-02-06,33.54
2012-02-07,34.04
2012-02-08,33.8
2012-02-09,33.7
2012-02-10,33.54
2012-02-13,33.62
2012-02-14,33.52
2012-02-15,33.74
2012-02-16,33.7
2012-02-17,33.6
2012-02-20,33.6
2012-02-21,34.32
2012-02-22,34.68
2012-02-23,34.7
2012-02-24,34.56
2012-02-27,34.46
2012-02-28,34.82
2012-02-29,32.96
2012-03-01,33.44
2012-03-02,33.36
2012-03-05,33.26
2012-03-06,32.62
2012-03-07,32.84
2012-03-08,33.14
2012-03-09,33.36
2012-03-12,33.1
2012-03-13,32.54
2012-03-14,32.0
2012-03-15,32.34
2012-03-16,32.38
2012-03-19,32.42
2012-03-20,32.12
2012-03-21,32.1403
2012-03-22,32.02
2012-03-23,32.4
2012-03-26,32.98
2012-03-27,32.76
2012-03-28,32.4
2012-03-29,32.38
2012-03-30,32.54
2012-04-02,32.68
2012-04-03,32.1
2012-04-04,31.54
2012-04-05,31.76
2012-04-06,31.76
2012-04-09,31.98
2012-04-10,32.334
2012-04-11,32.3
2012-04-12,32.64
2012-04-13,32.28
2012-04-16,32.2
2012-04-17,32.14
2012-04-18,31.94
2012-04-19,32.0
2012-04-20,32.02
2012-04-23,31.94
2012-04-24,31.96
2012-04-25,32.02
2012-04-26,32.3
2012-04-27,32.4
2012-04-30,32.46
2012-05-01,32.38
2012-05-02,32.24
2012-05-03,31.92
2012-05-04,32.0
2012-05-07,31.92
2012-05-08,31.3
2012-05-09,30.98
2012-05-10,31.04
2012-05-11,30.812
2012-05-14,30.36
2012-05-15,30.04
2012-05-16,29.98
2012-05-17,30.66
2012-05-18,31.0198
2012-05-21,31.06
2012-05-22,30.52
2012-05-23,30.44
2012-05-24,30.38
2012-05-25,30.64
2012-05-28,30.64
2012-05-29,30.3
2012-05-30,30.5
2012-05-31,30.42
2012-06-01,31.62
2012-06-04,31.56
2012-06-05,31.54
2012-06-06,31.56
2012-06-07,31.0
2012-06-08,31.08
2012-06-11,31.16
2012-06-12,31.4
2012-06-13,31.54
2012-06-14,31.66
2012-06-15,31.68
2012-06-18,31.7
2012-06-19,31.56
2012-06-20,31.3
2012-06-21,30.5
2012-06-22,30.64
2012-06-25,30.84
2012-06-26,30.64
2012-06-27,30.68
2012-06-28,30.32
2012-06-29,31.12
2012-07-02,31.12
2012-07-03,31.6
2012-07-04,31.6
2012-07-05,31.26
2012-07-06,30.84
2012-07-09,30.94
2012-07-10,30.54
2012-07-11,30.7
2012-07-12,30.6
2012-07-13,30.94
2012-07-16,30.94
2012-07-17,30.8
2012-07-18,30.74
2012-07-19,30.78
2012-07-20,30.84
2012-07-23,30.74
2012-07-24,30.82
2012-07-25,31.24
2012-07-26,31.46
2012-07-27,31.64
2012-07-30,31.6
2012-07-31,31.44
2012-08-01,31.16
2012-08-02,30.94
2012-08-03,31.22
2012-08-06,31.36
2012-08-07,31.38
2012-08-08,31.4
2012-08-09,31.52
2012-08-10,31.56
2012-08-13,31.32
2012-08-14,31.16
2012-08-15,31.24
2012-08-16,31.42
2012-08-17,31.48
2012-08-20,31.58
2012-08-21,31.88
2012-08-22,32.22
2012-08-23,32.5
2012-08-24,32.52
2012-08-27,32.38
2012-08-28,32.46
2012-08-29,32.26
2012-08-30,32.24
2012-08-31,32.96
2012-09-03,32.96
2012-09-04,33.02
2012-09-05,33.0
2012-09-06,33.12
2012-09-07,33.82
2012-09-10,33.6
2012-09-11,33.72
2012-09-12,33.74
2012-09-13,34.42
2012-09-14,34.5
2012-09-17,34.22
2012-09-18,34.5
2012-09-19,34.46
2012-09-20,34.44
2012-09-21,34.54
2012-09-24,34.34
2012-09-25,34.28
2012-09-26,34.08
2012-09-27,34.6
2012-09-28,34.54
2012-10-01,34.58
2012-10-02,34.58
2012-10-03,34.62
2012-10-04,34.88
2012-10-05,34.68
2012-10-08,34.56
2012-10-09,34.34
2012-10-10,34.3
2012-10-11,34.42
2012-10-12,34.16
2012-10-15,33.82
2012-10-16,34.04
2012-10-17,34.04
2012-10-18,33.89
2012-10-19,33.54
2012-10-22,33.64
2012-10-23,33.238
2012-10-24,33.1
2012-10-25,33.34
2012-10-26,33.34
2012-10-29,33.34
2012-10-30,33.34
2012-10-31,33.52
2012-11-01,33.36
2012-11-02,32.66
2012-11-05,32.78
2012-11-06,33.4
2012-11-07,33.42
2012-11-08,33.7383
2012-11-09,33.68
2012-11-12,33.64
2012-11-13,33.58
2012-11-14,33.58
2012-11-15,33.34
2012-11-16,33.3
2012-11-19,33.7
2012-11-20,33.64
2012-11-21,33.66
2012-11-22,33.66
2012-11-23,34.06
2012-11-26,34.02
2012-11-27,33.9
2012-11-28,33.46
2012-11-29,33.58
2012-11-30,33.36
2012-12-03,33.38
2012-12-04,33.04
2012-12-05,32.98
2012-12-06,33.04
2012-12-07,33.18
2012-12-10,33.3
2012-12-11,33.28
2012-12-12,33.3
2012-12-13,33.0
2012-12-14,32.963
2012-12-17,33.04
2012-12-18,32.56
2012-12-19,32.46
2012-12-20,32.1
2012-12-21,32.18
2012-12-24,32.26
2012-12-25,32.26
2012-12-26,32.2988
2012-12-27,32.4
2012-12-28,32.26
2012-12-31,32.5584
2013-01-01,32.5584
2013-01-02,32.79
2013-01-03,32.38
2013-01-04,32.2233
2013-01-07,32.04
2013-01-08,32.24
2013-01-09,32.26
2013-01-10,32.54
2013-01-11,32.34
2013-01-14,32.44
2013-01-15,32.64
2013-01-16,32.68
2013-01-17,32.82
2013-01-18,32.78
2013-01-21,32.78
2013-01-22,32.9
2013-01-23,32.78
2013-01-24,32.44
2013-01-25,32.28
2013-01-28,32.18
2013-01-29,32.34
2013-01-30,32.58
2013-01-31,32.4
2013-02-01,32.44
2013-02-04,32.54
2013-02-05,32.56
2013-02-06,32.64
2013-02-07,32.52
2013-02-08,32.44
2013-02-11,32.1
2013-02-12,32.12
2013-02-13,31.96
2013-02-14,31.8
2013-02-15,31.3
2013-02-18,31.3
2013-02-19,31.2
2013-02-20,30.42
2013-02-21,30.66
2013-02-22,30.72
2013-02-25,31.0
2013-02-26,31.4
2013-02-27,31.06
2013-02-28,30.74
2013-03-01,30.64
2013-03-04,30.62
2013-03-05,30.64
2013-03-06,30.8
2013-03-07,30.68
2013-03-08,30.68
2013-03-11,30.74
2013-03-12,30.96
2013-03-13,30.88
2013-03-14,30.9
2013-03-15,30.95
2013-03-18,31.2
2013-03-19,31.36
2013-03-20,31.24
2013-03-21,31.38
2013-03-22,31.24
2013-03-25,31.2
2013-03-26,31.1
2013-03-27,31.2
2013-03-28,31.08
2013-03-29,31.08
2013-04-01,31.1
2013-04-02,30.64
2013-04-03,30.3
2013-04-04,30.2
2013-04-05,30.7
2013-04-08,30.56
2013-04-09,30.8
2013-04-10,30.28
2013-04-11,30.36
2013-04-12,28.94
2013-04-15,26.38
2013-04-16,26.7
2013-04-17,26.68
2013-04-18,26.98
2013-04-19,27.22
2013-04-22,27.7
2013-04-23,27.52
2013-04-24,27.82
2013-04-25,28.46
2013-04-26,28.3233
2013-04-29,28.58
2013-04-30,28.7
2013-05-01,28.36
2013-05-02,28.5198
2013-05-03,28.56
2013-05-06,28.56
2013-05-07,28.2
2013-05-08,28.62
2013-05-09,28.3
2013-05-10,28.08
2013-05-13,27.82
2013-05-14,27.7
2013-05-15,27.078
2013-05-16,26.96
2013-05-17,26.34
2013-05-20,27.14
2013-05-21,26.7
2013-05-22,26.52
2013-05-23,27.06
2013-05-24,26.9
2013-05-27,26.9
2013-05-28,26.84
2013-05-29,27.08
2013-05-30,27.46
2013-05-31,26.92
2013-06-03,27.42
2013-06-04,27.16
2013-06-05,27.24
2013-06-06,27.46
2013-06-07,26.8
2013-06-10,26.94
2013-06-11,26.8
2013-06-12,26.98
2013-06-13,26.9
2013-06-14,27.02
2013-06-17,26.9
2013-06-18,26.58
2013-06-19,26.26
2013-06-20,24.85
2013-06-21,25.15
2013-06-24,24.9
2013-06-25,24.82
2013-06-26,23.78
2013-06-27,23.3
2013-06-28,23.98
2013-07-01,24.34
2013-07-02,24.12
2013-07-03,24.28
2013-07-04,24.28
2013-07-05,23.74
2013-07-08,24.04
2013-07-09,24.24
2013-07-10,24.32
2013-07-11,24.98
2013-07-12,24.94
2013-07-15,24.94
2013-07-16,25.1
2013-07-17,24.78
2013-07-18,24.92
2013-07-19,25.14
2013-07-22,25.92
2013-07-23,26.1
2013-07-24,25.64
2013-07-25,25.88
2013-07-26,25.9
2013-07-29,25.84
2013-07-30,25.78
2013-07-31,25.72
2013-08-01,25.46
2013-08-02,25.4
2013-08-05,25.28
2013-08-06,24.92
2013-08-07,24.94
2013-08-08,25.5
2013-08-09,25.5
2013-08-12,25.98
2013-08-13,25.68
2013-08-14,25.94
2013-08-15,26.48
2013-08-16,26.66
2013-08-19,26.56
2013-08-20,26.62
2013-08-21,26.54
2013-08-22,26.72
2013-08-23,27.12
2013-08-26,27.24
2013-08-27,27.5
2013-08-28,27.5
2013-08-29,27.34
2013-08-30,27.06
2013-09-02,27.06
2013-09-03,27.42
2013-09-04,27.06
2013-09-05,26.6
2013-09-06,26.98
2013-09-09,26.92
2013-09-10,26.48
2013-09-11,26.48
2013-09-12,25.7
2013-09-13,25.7
2013-09-16,25.44
2013-09-17,25.44
2013-09-18,26.558
2013-09-19,26.49
2013-09-20,25.72
2013-09-23,25.64
2013-09-24,25.68
2013-09-25,25.9
2013-09-26,25.68
2013-09-27,25.92
2013-09-30,25.78
2013-10-01,25.04
2013-10-02,25.54
2013-10-03,25.56
2013-10-04,25.44
2013-10-07,25.68
2013-10-08,25.62
2013-10-09,25.34
2013-10-10,24.98
2013-10-11,24.64
2013-10-14,24.7
2013-10-15,24.9
2013-10-16,24.85
2013-10-17,25.62
2013-10-18,25.52
2013-10-21,25.54
2013-10-22,26.0
2013-10-23,25.89
2013-10-24,26.14
2013-10-25,26.24
2013-10-28,26.26
2013-10-29,26.11
2013-10-30,26.07
2013-10-31,25.69
2013-11-01,25.53
2013-11-04,25.5
2013-11-05,25.45
2013-11-06,25.57
2013-11-07,25.36
2013-11-08,24.98
2013-11-11,24.9
2013-11-12,24.62
2013-11-13,24.72
2013-11-14,24.99
2013-11-15,24.98
2013-11-18,24.72
2013-11-19,24.72
2013-11-20,24.14
2013-11-21,24.12
2013-11-22,24.12
2013-11-25,24.24
2013-11-26,24.1
2013-11-27,24.04
2013-11-28,24.04
2013-11-29,24.26
2013-12-02,23.64
2013-12-03,23.74
2013-12-04,24.12
2013-12-05,23.82
2013-12-06,23.86
2013-12-09,24.06
2013-12-10,24.5
2013-12-11,24.32
2013-12-12,23.8
2013-12-13,24.02
2013-12-16,24.06
2013-12-17,23.86
2013-12-18,23.678
2013-12-19,23.08
2013-12-20,23.3
2013-12-23,23.24
2013-12-24,23.34
2013-12-25,23.34
2013-12-26,23.46
2013-12-27,23.56
2013-12-30,23.2
2013-12-31,23.36
2014-01-01,23.36
2014-01-02,23.76
2014-01-03,24.02
2014-01-06,24.02
2014-01-07,23.9
2014-01-08,23.78
2014-01-09,23.84
2014-01-10,24.18
2014-01-13,24.34
2014-01-14,24.1
2014-01-15,24.06
2014-01-16,24.1
2014-01-17,24.32
2014-01-20,24.32
2014-01-21,24.08
2014-01-22,23.98
2014-01-23,24.5
2014-01-24,24.62
2014-01-27,24.34
2014-01-28,24.34
2014-01-29,24.66
2014-01-30,24.12
2014-01-31,24.14
2014-02-03,24.4
2014-02-04,24.34
2014-02-05,24.42
2014-02-06,24.4
2014-02-07,24.6
2014-02-10,24.72
2014-02-11,25.04
2014-02-12,25.06
2014-02-13,25.28
2014-02-14,25.6
2014-02-17,25.6
2014-02-18,25.66
2014-02-19,25.42
2014-02-20,25.68
2014-02-21,25.68
2014-02-24,25.94
2014-02-25,26.0
2014-02-26,25.76
2014-02-27,25.8
2014-02-28,25.7
2014-03-03,26.24
2014-03-04,25.92
2014-03-05,25.92
2014-03-06,26.18
2014-03-07,25.98
2014-03-10,26.0
2014-03-11,26.12
2014-03-12,26.54
2014-03-13,26.62
2014-03-14,26.8
2014-03-17,26.5
2014-03-18,26.28
2014-03-19,25.76
2014-03-20,25.74
2014-03-21,25.86
2014-03-24,25.4
2014-03-25,25.42
2014-03-26,25.22
2014-03-27,25.08
2014-03-28,25.06
2014-03-31,24.88
2014-04-01,24.82
2014-04-02,25.0
2014-04-03,24.94
2014-04-04,25.26
2014-04-07,25.14
2014-04-08,25.36
2014-04-09,25.44
2014-04-10,25.56
2014-04-11,25.54
2014-04-14,25.74
2014-04-15,25.28
2014-04-16,25.26
2014-04-17,25.12
2014-04-18,25.12
2014-04-21,25.02
2014-04-22,24.9
2014-04-23,24.92
2014-04-24,25.08
2014-04-25,25.24
2014-04-28,25.14
2014-04-29,25.12
2014-04-30,25.0
2014-05-01,24.92
2014-05-02,25.16
2014-05-05,25.42
2014-05-06,25.34
2014-05-07,24.98
2014-05-08,25.0
2014-05-09,25.0
2014-05-12,25.14
2014-05-13,25.08
2014-05-14,25.32
2014-05-15,25.12
2014-05-16,25.08
2014-05-19,25.06
2014-05-20,25.08
2014-05-21,25.02
2014-05-22,25.08
2014-05-23,25.06
2014-05-26,25.06
2014-05-27,24.52
2014-05-28,24.38
2014-05-29,24.34
2014-05-30,24.26
2014-06-02,24.08
2014-06-03,24.14
2014-06-04,24.1
2014-06-05,24.28
2014-06-06,24.28
2014-06-09,24.28
2014-06-10,24.42
2014-06-11,24.42
2014-06-12,24.7
2014-06-13,24.76
2014-06-16,24.66
2014-06-17,24.62
2014-06-18,24.7
2014-06-19,25.56
2014-06-20,25.46
2014-06-23,25.56
2014-06-24,25.58
2014-06-25,25.58
2014-06-26,25.5
2014-06-27,25.5
2014-06-30,25.76
2014-07-01,25.72
2014-07-02,25.7
2014-07-03,25.56
2014-07-04,25.56
2014-07-07,25.56
2014-07-08,25.58
2014-07-09,25.74
2014-07-10,25.9
2014-07-11,25.94
2014-07-14,25.32
2014-07-15,25.08
2014-07-16,25.14
2014-07-17,25.6
2014-07-18,25.42
2014-07-21,25.44
2014-07-22,25.32
2014-07-23,25.28
2014-07-24,25.06
2014-07-25,25.34
2014-07-28,25.3
2014-07-29,25.2
2014-07-30,25.14
2014-07-31,24.84
2014-08-01,25.04
2014-08-04,24.96
2014-08-05,24.94
2014-08-06,25.34
2014-08-07,25.42
2014-08-08,25.42
2014-08-11,25.36
2014-08-12,25.36
2014-08-13,25.42
2014-08-14,25.44
2014-08-15,25.26
2014-08-18,25.18
2014-08-19,25.1
2014-08-20,25.0
2014-08-21,24.74
2014-08-22,24.8
2014-08-25,24.7
2014-08-26,24.82
2014-08-27,24.82
2014-08-28,24.98
2014-08-29,24.92
2014-09-01,24.92
2014-09-02,24.52
2014-09-03,24.58
2014-09-04,24.46
2014-09-05,24.58
2014-09-08,24.3
2014-09-09,24.34
2014-09-10,24.2
2014-09-11,24.08
2014-09-12,23.82
2014-09-15,23.88
2014-09-16,23.92
2014-09-17,23.66
2014-09-18,23.72
2014-09-19,23.58
2014-09-22,23.52
2014-09-23,23.66
2014-09-24,23.58
2014-09-25,23.66
2014-09-26,23.58
2014-09-29,23.56
2014-09-30,23.4
2014-10-01,23.54
2014-10-02,23.5
2014-10-03,23.06
2014-10-06,23.38
2014-10-07,23.44
2014-10-08,23.66
2014-10-09,23.68
2014-10-10,23.7
2014-10-13,23.86
2014-10-14,23.88
2014-10-15,23.96
2014-10-16,24.0
2014-10-17,23.98
2014-10-20,24.14
2014-10-21,24.16
2014-10-22,24.06
2014-10-23,23.88
2014-10-24,23.84
2014-10-27,23.8
2014-10-28,23.8
2014-10-29,23.46
2014-10-30,23.2
2014-10-31,22.7
2014-11-03,22.58
2014-11-04,22.6
2014-11-05,22.12
2014-11-06,22.14
2014-11-07,22.74
2014-11-10,22.26
2014-11-11,22.58
2014-11-12,22.44
2014-11-13,22.48
2014-11-14,23.06
2014-11-17,22.96
2014-11-18,23.18
2014-11-19,22.9
2014-11-20,23.12
2014-11-21,23.24
2014-11-24,23.18
2014-11-25,23.24
2014-11-26,23.2
2014-11-27,23.2
2014-11-28,22.58
2014-12-01,23.5
2014-12-02,23.22
2014-12-03,23.43
2014-12-04,23.34
2014-12-05,23.08
2014-12-08,23.32
2014-12-09,23.8
2014-12-10,23.76
2014-12-11,23.72
2014-12-12,23.66
2014-12-15,23.04
2014-12-16,23.18
2014-12-17,23.02
2014-12-18,23.18
2014-12-19,23.14
2014-12-22,22.7
2014-12-23,22.72
2014-12-24,22.72
2014-12-25,22.72
2014-12-26,23.14
2014-12-29,22.92
2014-12-30,23.2
2014-12-31,22.88
2015-01-01,22.88
2015-01-02,23.0
2015-01-05,23.36
2015-01-06,23.58
2015-01-07,23.46
2015-01-08,23.38
2015-01-09,23.64
2015-01-12,23.88
2015-01-13,23.82
2015-01-14,23.76
2015-01-15,24.36
2015-01-16,24.7
2015-01-19,24.7
2015-01-20,25.04
2015-01-21,25.04
2015-01-22,25.24
2015-01-23,25.04
2015-01-26,24.78
2015-01-27,25.06
2015-01-28,24.88
2015-01-29,24.32
2015-01-30,24.86
2015-02-02,24.68
2015-02-03,24.4
2015-02-04,24.5
2015-02-05,24.56
2015-02-06,23.92
2015-02-09,24.0
2015-02-10,23.88
2015-02-11,23.6
2015-02-12,23.66
2015-02-13,23.78
2015-02-16,23.78
2015-02-17,23.4
2015-02-18,23.46
2015-02-19,23.38
2015-02-20,23.22
2015-02-23,23.26
2015-02-24,23.24
2015-02-25,23.32
2015-02-26,23.38
2015-02-27,23.42
2015-03-02,23.3
2015-03-03,23.28
2015-03-04,23.2
2015-03-05,23.2
2015-03-06,22.56
2015-03-09,22.56
2015-03-10,22.44
2015-03-11,22.32
2015-03-12,22.3
2015-03-13,22.34
2015-03-16,22.34
2015-03-17,22.2
2015-03-18,22.64
2015-03-19,22.62
2015-03-20,22.88
2015-03-23,23.02
2015-03-24,23.1
2015-03-25,23.12
2015-03-26,23.3
2015-03-27,23.2
2015-03-30,22.92
2015-03-31,22.9
2015-04-01,23.3
2015-04-02,23.24
2015-04-03,23.24
2015-04-06,23.52
2015-04-07,23.4
2015-04-08,23.28
2015-04-09,23.12
2015-04-10,23.36
2015-04-13,23.22
2015-04-14,23.06
2015-04-15,23.26
2015-04-16,23.2
2015-04-17,23.28
2015-04-20,23.12
2015-04-21,23.26
2015-04-22,22.96
2015-04-23,23.12
2015-04-24,22.8
2015-04-27,23.26
2015-04-28,23.46
2015-04-29,23.28
2015-04-30,22.88
2015-05-01,22.78
2015-05-04,22.98
2015-05-05,23.06
2015-05-06,23.06
2015-05-07,22.88
2015-05-08,23.0
2015-05-11,22.88
2015-05-12,23.08
2015-05-13,23.48
2015-05-14,23.62
2015-05-15,23.68
2015-05-18,23.68
2015-05-19,23.36
2015-05-20,23.4
2015-05-21,23.32
2015-05-22,23.3
2015-05-25,23.3
2015-05-26,22.96
2015-05-27,22.96
2015-05-28,22.98
2015-05-29,23.02
2015-06-01,23.0
2015-06-02,23.08
2015-06-03,22.92
2015-06-04,22.76
2015-06-05,22.64
2015-06-08,22.7
2015-06-09,22.74
2015-06-10,22.94
2015-06-11,22.86
2015-06-12,22.82
2015-06-15,22.92
2015-06-16,22.84
2015-06-17,22.94
2015-06-18,23.24
2015-06-19,23.2
2015-06-22,22.9
2015-06-23,22.78
2015-06-24,22.7
2015-06-25,22.66
2015-06-26,22.7
2015-06-29,22.78
2015-06-30,22.68
2015-07-01,22.6
2015-07-02,22.54
2015-07-03,22.54
2015-07-06,22.6
2015-07-07,22.36
2015-07-08,22.42
2015-07-09,22.46
2015-07-10,22.48
2015-07-13,22.4
2015-07-14,22.34
2015-07-15,22.2
2015-07-16,22.12
2015-07-17,21.9
2015-07-20,21.3
2015-07-21,21.24
2015-07-22,21.12
2015-07-23,21.04
2015-07-24,21.24
2015-07-27,21.16
2015-07-28,21.16
2015-07-29,21.2
2015-07-30,21.02
2015-07-31,21.16
2015-08-03,20.98
2015-08-04,21.04
2015-08-05,20.96
2015-08-06,21.04
2015-08-07,21.12
2015-08-10,21.32
2015-08-11,21.44
2015-08-12,21.72
2015-08-13,21.54
2015-08-14,21.56
2015-08-17,21.58
2015-08-18,21.6
2015-08-19,21.88
2015-08-20,22.28
2015-08-21,22.4
2015-08-24,22.28
2015-08-25,22.04
2015-08-26,21.74
2015-08-27,21.7
2015-08-28,21.9
2015-08-31,21.96
2015-09-01,22.04
2015-09-02,21.9
2015-09-03,21.76
2015-09-04,21.66
2015-09-07,21.66
2015-09-08,21.68
2015-09-09,21.4
2015-09-10,21.44
2015-09-11,21.42
2015-09-14,21.44
2015-09-15,21.34
2015-09-16,21.62
2015-09-17,21.88
2015-09-18,22.02
2015-09-21,21.88
2015-09-22,21.76
2015-09-23,21.82
2015-09-24,22.26
2015-09-25,22.16
2015-09-28,21.88
2015-09-29,21.8
2015-09-30,21.56
2015-10-01,21.52
2015-10-02,22.0
2015-10-05,21.92
2015-10-06,22.16
2015-10-07,22.12
2015-10-08,22.02
2015-10-09,22.36
2015-10-12,22.46
2015-10-13,22.56
2015-10-14,22.96
2015-10-15,22.86
2015-10-16,22.7
2015-10-19,22.58
2015-10-20,22.76
2015-10-21,22.54
2015-10-22,22.54
2015-10-23,22.5
2015-10-26,22.48
2015-10-27,22.54
2015-10-28,22.36
2015-10-29,22.12
2015-10-30,22.04
2015-11-02,21.9
2015-11-03,21.56
2015-11-04,21.36
2015-11-05,21.3
2015-11-06,21.0
2015-11-09,21.06
2015-11-10,21.0
2015-11-11,20.96
2015-11-12,20.94
2015-11-13,20.9
2015-11-16,20.92
2015-11-17,20.66
2015-11-18,20.64
2015-11-19,20.9
2015-11-20,20.8
2015-11-23,20.62
2015-11-24,20.78
2015-11-25,20.66
2015-11-26,20.66
2015-11-27,20.44
2015-11-30,20.56
2015-12-01,20.62
2015-12-02,20.3
2015-12-03,20.52
2015-12-04,21.0
2015-12-07,20.7
2015-12-08,20.74
2015-12-09,20.7
2015-12-10,20.7
2015-12-11,20.78
2015-12-14,20.54
2015-12-15,20.48
2015-12-16,20.74
2015-12-17,20.3
2015-12-18,20.58
2015-12-21,20.8
2015-12-22,20.7
2015-12-23,20.64
2015-12-24,20.78
2015-12-25,20.78
2015-12-28,20.64
2015-12-29,20.6
2015-12-30,20.46
2015-12-31,20.46
2016-01-01,20.46
2016-01-04,20.76
2016-01-05,20.8
2016-01-06,21.14
2016-01-07,21.44
2016-01-08,21.32
2016-01-11,21.14
2016-01-12,21.04
2016-01-13,21.14
2016-01-14,20.78
2016-01-15,21.02
2016-01-18,21.02
2016-01-19,21.0
2016-01-20,21.28
2016-01-21,21.3
2016-01-22,21.18
2016-01-25,21.42
2016-01-26,21.66
2016-01-27,21.72
2016-01-28,21.5
2016-01-29,21.56
2016-02-01,21.82
2016-02-02,21.82
2016-02-03,22.06
2016-02-04,22.34
2016-02-05,22.66
2016-02-08,23.0
2016-02-09,22.92
2016-02-10,23.08
2016-02-11,24.06
2016-02-12,23.88
2016-02-15,23.88
2016-02-16,23.14
2016-02-17,23.28
2016-02-18,23.9
2016-02-19,23.72
2016-02-22,23.3
2016-02-23,23.68
2016-02-24,23.72
2016-02-25,23.84
2016-02-26,23.62
2016-02-29,23.98
2016-03-01,23.76
2016-03-02,23.94
2016-03-03,24.34
2016-03-04,24.34
2016-03-07,24.46
2016-03-08,24.34
2016-03-09,24.16
2016-03-10,24.54
2016-03-11,24.12
2016-03-14,23.78
2016-03-15,23.82
2016-03-16,24.32
2016-03-17,24.26
2016-03-18,24.2
2016-03-21,24.02
2016-03-22,24.1
2016-03-23,23.52
2016-03-24,23.5
2016-03-25,23.5
2016-03-28,23.56
2016-03-29,23.96
2016-03-30,23.66
2016-03-31,23.76
2016-04-01,23.62
2016-04-04,23.44
2016-04-05,23.76
2016-04-06,23.62
2016-04-07,23.96
2016-04-08,23.92
2016-04-11,24.24
2016-04-12,24.26
2016-04-13,24.0
2016-04-14,23.66
2016-04-15,23.82
2016-04-18,23.74
2016-04-19,24.12
2016-04-20,24.0
2016-04-21,24.1
2016-04-22,23.82
2016-04-25,23.86
2016-04-26,23.98
2016-04-27,24.04
2016-04-28,24.46
2016-04-29,24.96
2016-05-02,24.9
2016-05-03,24.84
2016-05-04,24.72
2016-05-05,24.68
2016-05-06,24.88
2016-05-09,24.34
2016-05-10,24.44
2016-05-11,24.66
2016-05-12,24.46
2016-05-13,24.56
2016-05-16,24.6
2016-05-17,24.68
2016-05-18,24.22
2016-05-19,24.18
2016-05-20,24.12
2016-05-23,24.1
2016-05-24,23.68
2016-05-25,23.62
2016-05-26,23.52
2016-05-27,23.36
2016-05-30,23.36
2016-05-31,23.44
2016-06-01,23.38
2016-06-02,23.32
2016-06-03,23.96
2016-06-06,24.0
2016-06-07,23.98
2016-06-08,24.36
2016-06-09,24.5
2016-06-10,24.6
2016-06-13,24.78
2016-06-14,24.8
2016-06-15,24.98
2016-06-16,24.72
2016-06-17,25.04
2016-06-20,24.9
2016-06-21,24.42
2016-06-22,24.4
2016-06-23,24.24
2016-06-24,25.44
2016-06-27,25.6
2016-06-28,25.32
2016-06-29,25.4
2016-06-30,25.52
2016-07-01,25.94
2016-07-04,25.94
2016-07-05,26.16
2016-07-06,26.32
2016-07-07,26.22
2016-07-08,26.36
2016-07-11,26.14
2016-07-12,25.7
2016-07-13,25.92
2016-07-14,25.72
2016-07-15,25.64
2016-07-18,25.68
2016-07-19,25.7
2016-07-20,25.34
2016-07-21,25.72
2016-07-22,25.52
2016-07-25,25.36
2016-07-26,25.46
2016-07-27,25.88
2016-07-28,25.78
2016-07-29,26.04
2016-08-01,26.1
2016-08-02,26.32
2016-08-03,26.2
2016-08-04,26.24
2016-08-05,25.78
2016-08-08,25.76
2016-08-09,25.86
2016-08-10,25.98
2016-08-11,25.8
2016-08-12,25.72
2016-08-15,25.82
2016-08-16,25.96
2016-08-17,25.96
2016-08-18,26.08
2016-08-19,25.86
2016-08-22,25.82
2016-08-23,25.8
2016-08-24,25.54
2016-08-25,25.5
2016-08-26,25.46
2016-08-29,25.52
2016-08-30,25.28
2016-08-31,25.2
2016-09-01,25.3
2016-09-02,25.56
2016-09-05,25.56
2016-09-06,26.02
2016-09-07,25.92
2016-09-08,25.76
2016-09-09,25.62
2016-09-12,25.56
2016-09-13,25.4
2016-09-14,25.48
2016-09-15,25.34
2016-09-16,25.28
2016-09-19,25.3
2016-09-20,25.34
2016-09-21,25.7
2016-09-22,25.78
2016-09-23,25.8
2016-09-26,25.76
2016-09-27,25.6
2016-09-28,25.52
2016-09-29,25.46
2016-09-30,25.38
2016-10-03,25.32
2016-10-04,24.48
2016-10-05,24.44
2016-10-06,24.18
2016-10-07,24.2
2016-10-10,24.28
2016-10-11,24.18
2016-10-12,24.2
2016-10-13,24.26
2016-10-14,24.12
2016-10-17,24.18
2016-10-18,24.32
2016-10-19,24.48
2016-10-20,24.38
2016-10-21,24.42
2016-10-24,24.36
2016-10-25,24.54
2016-10-26,24.42
2016-10-27,24.46
2016-10-28,24.58
2016-10-31,24.64
2016-11-01,24.78
2016-11-02,24.96
2016-11-03,25.1
2016-11-04,25.12
2016-11-07,24.68
2016-11-08,24.58
2016-11-09,24.56
2016-11-10,24.2
2016-11-11,23.66
2016-11-14,23.46
2016-11-15,23.66
2016-11-16,23.58
2016-11-17,23.48
2016-11-18,23.26
2016-11-21,23.36
2016-11-22,23.34
2016-11-23,22.86
2016-11-24,22.86
2016-11-25,22.74
2016-11-28,23.0
2016-11-29,22.88
2016-11-30,22.58
2016-12-01,22.54
2016-12-02,22.64
2016-12-05,22.52
2016-12-06,22.52
2016-12-07,22.58
2016-12-08,22.54
2016-12-09,22.32
2016-12-12,22.38
2016-12-13,22.32
2016-12-14,22.0
2016-12-15,21.72
2016-12-16,21.82
2016-12-19,21.94
2016-12-20,21.78
2016-12-21,21.8
2016-12-22,21.72
2016-12-23,21.8
2016-12-26,21.8
2016-12-27,21.94
2016-12-28,21.98
2016-12-29,22.28
2016-12-30,22.16
2017-01-02,22.16
2017-01-03,22.32
2017-01-04,22.42
2017-01-05,22.76
2017-01-06,22.6
2017-01-09,22.76
2017-01-10,22.88
2017-01-11,22.92
2017-01-12,23.02
2017-01-13,23.1
2017-01-16,23.1
2017-01-17,23.42
2017-01-18,23.2
2017-01-19,23.18
2017-01-20,23.24
2017-01-23,23.4
2017-01-24,23.3
2017-01-25,23.12
2017-01-26,22.88
2017-01-27,22.92
2017-01-30,23.04
2017-01-31,23.34
2017-02-01,23.28
2017-02-02,23.4
2017-02-03,23.48
2017-02-06,23.8
2017-02-07,23.74
2017-02-08,23.88
2017-02-09,23.72
2017-02-10,23.78
2017-02-13,23.62
2017-02-14,23.64
2017-02-15,23.74
2017-02-16,23.86
2017-02-17,23.78
2017-02-20,23.78
2017-02-21,23.8
2017-02-22,23.82
2017-02-23,24.06
2017-02-24,24.18
2017-02-27,24.08
2017-02-28,24.08
2017-03-01,24.08
2017-03-02,23.78
2017-03-03,23.76
2017-03-06,23.6
2017-03-07,23.42
2017-03-08,23.26
2017-03-09,23.14
2017-03-10,23.18
2017-03-13,23.18
2017-03-14,23.08
2017-03-15,23.48
2017-03-16,23.62
2017-03-17,23.64
2017-03-20,23.7626
2017-03-21,23.96
2017-03-22,24.04
2017-03-23,23.98
2017-03-24,24.02
2017-03-27,24.16
2017-03-28,24.08
2017-03-29,24.14
2017-03-30,23.94
2017-03-31,24.02
2017-04-03,24.14
2017-04-04,24.18
2017-04-05,24.2
2017-04-06,24.1
2017-04-07,24.16
2017-04-10,24.16
2017-04-11,24.48
2017-04-12,24.68
2017-04-13,24.8
2017-04-14,24.8
2017-04-17,24.7
2017-04-18,24.82
2017-04-19,24.62
2017-04-20,24.66
2017-04-21,24.74
2017-04-24,24.58
2017-04-25,24.32
2017-04-26,24.44
2017-04-27,24.36
2017-04-28,24.42
2017-05-01,24.18
2017-05-02,24.2
2017-05-03,23.84
2017-05-04,23.62
2017-05-05,23.64
2017-05-08,23.6
2017-05-09,23.46
2017-05-10,23.48
2017-05-11,23.54
2017-05-12,23.62
2017-05-15,23.7
2017-05-16,23.78
2017-05-17,24.24
2017-05-18,24.04
2017-05-19,24.16
2017-05-22,24.24
2017-05-23,24.1
2017-05-24,24.2
2017-05-25,24.18
2017-05-26,24.38
2017-05-29,24.38
2017-05-30,24.28
2017-05-31,24.4
2017-06-01,24.42
2017-06-02,24.58
2017-06-05,24.62
2017-06-06,24.9
2017-06-07,24.78
2017-06-08,24.6
2017-06-09,24.4
2017-06-12,24.34
2017-06-13,24.38
2017-06-14,24.24
2017-06-15,24.14
2017-06-16,24.14
2017-06-19,23.96
2017-06-20,23.9
2017-06-21,23.96
2017-06-22,24.06
2017-06-23,24.16
2017-06-26,23.92
2017-06-27,24.04
2017-06-28,24.06
2017-06-29,23.92
2017-06-30,23.88
2017-07-03,23.46
2017-07-04,23.46
2017-07-05,23.58
2017-07-06,23.54
2017-07-07,23.3
2017-07-10,23.34
2017-07-11,23.38
2017-07-12,23.46
2017-07-13,23.42
2017-07-14,23.62
2017-07-17,23.72
2017-07-18,23.9
2017-07-19,23.86
2017-07-20,23.9
2017-07-21,24.12
2017-07-24,24.16
2017-07-25,24.06
2017-07-26,24.24
2017-07-27,24.22
2017-07-28,24.42
2017-07-31,24.44
2017-08-01,24.42
2017-08-02,24.34
2017-08-03,24.4
2017-08-04,24.22
2017-08-07,24.2
2017-08-08,24.24
2017-08-09,24.52
2017-08-10,24.72
2017-08-11,24.82
2017-08-14,24.64
2017-08-15,24.46
2017-08-16,24.66
2017-08-17,24.78
2017-08-18,24.74
2017-08-21,24.82
2017-08-22,24.72
2017-08-23,24.8
2017-08-24,24.72
2017-08-25,24.84
2017-08-28,25.2
2017-08-29,25.16
2017-08-30,25.16
2017-08-31,25.44
2017-09-01,25.5
2017-09-04,25.5
2017-09-05,25.78
2017-09-06,25.66
2017-09-07,25.92
2017-09-08,25.9
2017-09-11,25.52
2017-09-12,25.6
2017-09-13,25.42
2017-09-14,25.52
2017-09-15,25.4
2017-09-18,25.14
2017-09-19,25.2
2017-09-20,25.0
2017-09-21,24.82
2017-09-22,24.94
2017-09-25,25.2
2017-09-26,24.92
2017-09-27,24.66
2017-09-28,24.72
2017-09-29,24.62
2017-10-02,24.42
2017-10-03,24.44
2017-10-04,24.5
2017-10-05,24.38
2017-10-06,24.48
2017-10-09,24.7
2017-10-10,24.78
2017-10-11,24.86
2017-10-12,24.86
2017-10-13,25.08
2017-10-16,24.9
2017-10-17,24.72
2017-10-18,24.62
2017-10-19,24.78
2017-10-20,24.6
2017-10-23,24.66
2017-10-24,24.54
2017-10-25,24.58
2017-10-26,24.36
2017-10-27,24.46
2017-10-30,24.52
2017-10-31,24.42
2017-11-01,24.5
2017-11-02,24.54
2017-11-03,24.42
2017-11-06,24.62
2017-11-07,24.52
2017-11-08,24.62
2017-11-09,24.7
2017-11-10,24.52
2017-11-13,24.56
2017-11-14,24.62
2017-11-15,24.56
2017-11-16,24.58
2017-11-17,24.86
2017-11-20,24.56
2017-11-21,24.6
2017-11-22,24.84
2017-11-23,24.84
2017-11-24,24.76
2017-11-27,24.88
2017-11-28,24.86
2017-11-29,24.7
2017-11-30,24.5
2017-12-01,24.6
2017-12-04,24.54
2017-12-05,24.34
2017-12-06,24.3
2017-12-07,23.98
2017-12-08,23.98
2017-12-11,23.88
2017-12-12,23.92
2017-12-13,24.12
2017-12-14,24.08
2017-12-15,24.12
2017-12-18,24.22
2017-12-19,24.24
2017-12-20,24.3
2017-12-21,24.36
2017-12-22,24.5
2017-12-25,24.5
2017-12-26,24.64
2017-12-27,24.76
2017-12-28,24.88
2017-12-29,25.02
2018-01-01,25.02
2018-01-02,25.34
2018-01-03,25.28
2018-01-04,25.42
2018-01-05,25.38
2018-01-08,25.38
2018-01-09,25.26
2018-01-10,25.32
2018-01-11,25.38
2018-01-12,25.72
2018-01-15,25.72
2018-01-16,25.72
2018-01-17,25.54
2018-01-18,25.5
2018-01-19,25.56
2018-01-22,25.62
2018-01-23,25.76
2018-01-24,26.1
2018-01-25,25.88
2018-01-26,25.94
2018-01-29,25.76
2018-01-30,25.66
2018-01-31,25.84
2018-02-01,25.94
2018-02-02,25.6
2018-02-05,25.7
2018-02-06,25.38
2018-02-07,25.24
2018-02-08,25.3
2018-02-09,25.26
2018-02-12,25.36
2018-02-13,25.52
2018-02-14,25.96
2018-02-15,25.98
2018-02-16,25.9
2018-02-19,25.9
2018-02-20,25.54
2018-02-21,25.42
2018-02-22,25.58
2018-02-23,25.54
2018-02-26,25.58
2018-02-27,25.3
2018-02-28,25.32
2018-03-01,25.24
2018-03-02,25.36
2018-03-05,25.32
2018-03-06,25.6
2018-03-07,25.42
2018-03-08,25.38
2018-03-09,25.4
2018-03-12,25.4
2018-03-13,25.46
2018-03-14,25.44
2018-03-15,25.28
2018-03-16,25.22
2018-03-19,25.28
2018-03-20,25.16
2018-03-21,25.6
2018-03-22,25.5
2018-03-23,25.86
2018-03-26,25.98
2018-03-27,25.82
2018-03-28,25.46
2018-03-29,25.46
2018-03-30,25.46
2018-04-02,25.78
2018-04-03,25.58
2018-04-04,25.62
2018-04-05,25.48
2018-04-06,25.62
2018-04-09,25.68
2018-04-10,25.76
2018-04-11,25.94
2018-04-12,25.64
2018-04-13,25.82
2018-04-16,25.86
2018-04-17,25.88
2018-04-18,25.88
2018-04-19,25.86
2018-04-20,25.64
2018-04-23,25.44
2018-04-24,25.58
2018-04-25,25.38
2018-04-26,25.3
2018-04-27,25.42
2018-04-30,25.24
2018-05-01,25.06
2018-05-02,25.06
2018-05-03,25.18
2018-05-04,25.24
2018-05-07,25.24
2018-05-08,25.24
2018-05-09,25.2
2018-05-10,25.34
2018-05-11,25.3
2018-05-14,25.22
2018-05-15,24.8
2018-05-16,24.78
2018-05-17,24.76
2018-05-18,24.8
2018-05-21,24.82
2018-05-22,24.8
2018-05-23,24.82
2018-05-24,25.02
2018-05-25,24.96
2018-05-28,24.96
2018-05-29,24.96
2018-05-30,24.98
2018-05-31,24.92
2018-06-01,24.82
2018-06-04,24.78
2018-06-05,24.88
2018-06-06,24.88
2018-06-07,24.88
2018-06-08,24.92
2018-06-11,24.94
2018-06-12,24.86
2018-06-13,24.94
2018-06-14,25.0
2018-06-15,24.58
2018-06-18,24.52
2018-06-19,24.46
2018-06-20,24.36
2018-06-21,24.3
2018-06-22,24.36
2018-06-25,24.28
2018-06-26,24.14
2018-06-27,24.0
2018-06-28,23.94
2018-06-29,24.04
2018-07-02,23.8
2018-07-03,24.02
2018-07-04,24.02
2018-07-05,24.1
2018-07-06,24.06
2018-07-09,24.12
2018-07-10,24.08
2018-07-11,23.8
2018-07-12,23.9
2018-07-13,23.8
2018-07-16,23.82
2018-07-17,23.54
2018-07-18,23.54
2018-07-19,23.46
2018-07-20,23.62
2018-07-23,23.5
2018-07-24,23.5
2018-07-25,23.64
2018-07-26,23.46
2018-07-27,23.46
2018-07-30,23.44
2018-07-31,23.48
2018-08-01,23.32
2018-08-02,23.18
2018-08-03,23.28
2018-08-06,23.16
2018-08-07,23.2
2018-08-08,23.26
2018-08-09,23.24
2018-08-10,23.22
2018-08-13,22.9
2018-08-14,22.92
2018-08-15,22.54
2018-08-16,22.52
2018-08-17,22.7
2018-08-20,22.82
2018-08-21,22.9
2018-08-22,22.94
2018-08-23,22.74
2018-08-24,23.12
2018-08-27,23.2
2018-08-28,23.04
2018-08-29,23.14
2018-08-30,23.02
2018-08-31,23.0
2018-09-03,23.0
2018-09-04,22.9
2018-09-05,22.96
2018-09-06,23.02
2018-09-07,22.92
2018-09-10,22.92
2018-09-11,22.96
2018-09-12,23.12
2018-09-13,23.04
2018-09-14,22.92
2018-09-17,23.0
2018-09-18,22.98
2018-09-19,23.06
2018-09-20,23.14
2018-09-21,22.98
2018-09-24,22.98
2018-09-25,23.04
2018-09-26,22.9
2018-09-27,22.72
2018-09-28,22.86
2018-10-01,22.8
2018-10-02,23.06
2018-10-03,23.0
2018-10-04,22.98
2018-10-05,23.06
2018-10-08,22.78
2018-10-09,22.84
2018-10-10,22.88
2018-10-11,23.44
2018-10-12,23.36
2018-10-15,23.5
2018-10-16,23.5
2018-10-17,23.44
2018-10-18,23.5
2018-10-19,23.5
2018-10-22,23.44
2018-10-23,23.58
2018-10-24,23.62
2018-10-25,23.6
2018-10-26,23.64
2018-10-29,23.56
2018-10-30,23.46
2018-10-31,23.34
2018-11-01,23.64
2018-11-02,23.64
2018-11-05,23.6
2018-11-06,23.5
2018-11-07,23.5
2018-11-08,23.44
2018-11-09,23.2
2018-11-12,23.02
2018-11-13,23.02
2018-11-14,23.22
2018-11-15,23.24
2018-11-16,23.4
2018-11-19,23.46
2018-11-20,23.44
2018-11-21,23.5
2018-11-22,23.5
2018-11-23,23.44
2018-11-26,23.44
2018-11-27,23.28
2018-11-28,23.4
2018-11-29,23.46
2018-11-30,23.42
2018-12-03,23.58
2018-12-04,23.74
2018-12-05,23.74
2018-12-06,23.72
2018-12-07,23.92
2018-12-10,23.84
2018-12-11,23.82
2018-12-12,23.88
2018-12-13,23.84
2018-12-14,23.74
2018-12-17,23.88
2018-12-18,23.92
2018-12-19,23.82
2018-12-20,24.18
2018-12-21,24.06
2018-12-24,24.3
2018-12-25,24.3
2018-12-26,24.28
2018-12-27,24.42
2018-12-28,24.54
2018-12-31,24.58
2019-01-01,24.58
2019-01-02,24.6
2019-01-03,24.82
2019-01-04,24.64
2019-01-07,24.7
2019-01-08,24.64
2019-01-09,24.78
2019-01-10,24.64
2019-01-11,24.68
2019-01-14,24.74
2019-01-15,24.7
2019-01-16,24.78
2019-01-17,24.76
2019-01-18,24.54
2019-01-21,24.54
2019-01-22,24.6
2019-01-23,24.58
2019-01-24,24.52
2019-01-25,24.9
2019-01-28,24.96
2019-01-29,25.14
2019-01-30,25.26
2019-01-31,25.28
2019-02-01,25.24
2019-02-04,25.12
2019-02-05,25.18
2019-02-06,25.02
2019-02-07,25.1
2019-02-08,25.18
2019-02-11,25.06
2019-02-12,25.12
2019-02-13,25.02
2019-02-14,25.16
2019-02-15,25.32
2019-02-18,25.32
2019-02-19,25.68
2019-02-20,25.66
2019-02-21,25.34
2019-02-22,25.46
2019-02-25,25.44
2019-02-26,25.46
2019-02-27,25.3
2019-02-28,25.16
2019-03-01,24.72
2019-03-04,24.66
2019-03-05,24.68
2019-03-06,24.64
2019-03-07,24.62
2019-03-08,24.9
2019-03-11,24.78
2019-03-12,24.94
2019-03-13,25.12
2019-03-14,24.82
2019-03-15,24.92
2019-03-18,24.96
2019-03-19,25.02
2019-03-20,25.18
2019-03-21,25.08
2019-03-22,25.14
2019-03-25,25.34
2019-03-26,25.22
2019-03-27,25.08
2019-03-28,24.72
2019-03-29,24.76
2019-04-01,24.64
2019-04-02,24.74
2019-04-03,24.7
2019-04-04,24.76
2019-04-05,24.74
2019-04-08,24.86
2019-04-09,24.96
2019-04-10,25.04
2019-04-11,24.74
2019-04-12,24.7
2019-04-15,24.66
2019-04-16,24.46
2019-04-17,24.42
2019-04-18,24.44
2019-04-19,24.44
2019-04-22,24.42
2019-04-23,24.36
2019-04-24,24.44
2019-04-25,24.46
2019-04-26,24.6
2019-04-29,24.5
2019-04-30,24.58
2019-05-01,24.42
2019-05-02,24.34
2019-05-03,24.46
2019-05-06,24.5
2019-05-07,24.58
2019-05-08,24.52
2019-05-09,24.6
2019-05-10,24.64
2019-05-13,24.88
2019-05-14,24.84
2019-05-15,24.8
2019-05-16,24.64
2019-05-17,24.44
2019-05-20,24.44
2019-05-21,24.38
2019-05-22,24.38
2019-05-23,24.56
2019-05-24,24.58
2019-05-27,24.58
2019-05-28,24.48
2019-05-29,24.5
2019-05-30,24.66
2019-05-31,25.02
2019-06-03,25.36
2019-06-04,25.4
2019-06-05,25.46
2019-06-06,25.52
2019-06-07,25.66
2019-06-10,25.44
2019-06-11,25.38
2019-06-12,25.52
2019-06-13,25.66
2019-06-14,25.66
2019-06-17,25.64
2019-06-18,25.76
2019-06-19,25.94
2019-06-20,26.58
2019-06-21,26.78
2019-06-24,27.18
2019-06-25,27.24
2019-06-26,26.96
2019-06-27,26.96
2019-06-28,27.0
2019-07-01,26.5
2019-07-02,27.06
2019-07-03,27.12
2019-07-04,27.12
2019-07-05,26.8
2019-07-08,26.64
2019-07-09,26.72
2019-07-10,27.14
2019-07-11,26.92
2019-07-12,27.08
2019-07-15,27.08
2019-07-16,26.86
2019-07-17,27.28
2019-07-18,27.66
2019-07-19,27.3
2019-07-22,27.26
2019-07-23,27.12
2019-07-24,27.24
2019-07-25,27.06
2019-07-26,27.1
2019-07-29,27.28
2019-07-30,27.38
2019-07-31,27.04
2019-08-01,27.66
2019-08-02,27.58
2019-08-05,27.96
2019-08-06,28.2
2019-08-07,28.6
2019-08-08,28.78
2019-08-09,28.66
2019-08-12,28.92
2019-08-13,28.76
2019-08-14,28.96
2019-08-15,29.16
2019-08-16,28.98
2019-08-19,28.64
2019-08-20,28.84
2019-08-21,28.72
2019-08-22,28.68
2019-08-23,29.24
2019-08-26,29.26
2019-08-27,29.52
2019-08-28,29.46
2019-08-29,29.24
2019-08-30,29.12
2019-09-02,29.12
2019-09-03,29.58
2019-09-04,29.76
2019-09-05,29.06
2019-09-06,28.82
2019-09-09,28.68
2019-09-10,28.44
2019-09-11,28.62
2019-09-12,28.66
2019-09-13,28.44
2019-09-16,28.68
2019-09-17,28.72
2019-09-18,28.54
2019-09-19,28.68
2019-09-20,29.02
2019-09-23,29.18
2019-09-24,29.32
2019-09-25,28.78
2019-09-26,28.78
2019-09-27,28.64
2019-09-30,28.2
2019-10-01,28.34
2019-10-02,28.68
2019-10-03,28.82
2019-10-04,28.82
2019-10-07,28.56
2019-10-08,28.82
2019-10-09,28.84
2019-10-10,28.58
2019-10-11,28.42
2019-10-14,28.52
2019-10-15,28.36
2019-10-16,28.5
2019-10-17,28.54
2019-10-18,28.5
2019-10-21,28.36
2019-10-22,28.46
2019-10-23,28.54
2019-10-24,28.74
2019-10-25,28.8
2019-10-28,28.54
2019-10-29,28.44
2019-10-30,28.64
2019-10-31,28.92
2019-11-01,28.92
2019-11-04,28.86
2019-11-05,28.38
2019-11-06,28.52
2019-11-07,28.06
2019-11-08,27.9
2019-11-11,27.8
2019-11-12,27.9
2019-11-13,28.0
2019-11-14,28.12
2019-11-15,28.06
2019-11-18,28.16
2019-11-19,28.16
2019-11-20,28.16
2019-11-21,28.0
2019-11-22,27.96
2019-11-25,27.82
2019-11-26,27.96
2019-11-27,27.82
2019-11-28,27.82
2019-11-29,27.96
2019-12-02,27.96
2019-12-03,28.24
2019-12-04,28.18
2019-12-05,28.22
2019-12-06,27.92
2019-12-09,27.94
2019-12-10,28.0
2019-12-11,28.22
2019-12-12,28.1
2019-12-13,28.24
2019-12-16,28.24
2019-12-17,28.2
2019-12-18,28.2
2019-12-19,28.26
2019-12-20,28.24
2019-12-23,28.4
2019-12-24,28.66
2019-12-25,28.66
2019-12-26,28.9
2019-12-27,28.88
2019-12-30,28.98
2019-12-31,29.0
2020-01-01,29.0
2020-01-02,29.22
2020-01-03,29.62
2020-01-06,29.92
2020-01-07,30.04
2020-01-08,29.82
2020-01-09,29.64
2020-01-10,29.84
2020-01-13,29.6
2020-01-14,29.56
2020-01-15,29.76
2020-01-16,29.7
2020-01-17,29.78
2020-01-20,29.78
2020-01-21,29.8
2020-01-22,29.8
2020-01-23,29.88
2020-01-24,30.04
2020-01-27,30.26
2020-01-28,29.98
2020-01-29,30.12
2020-01-30,30.14
2020-01-31,30.34
2020-02-03,30.12
2020-02-04,29.72
2020-02-05,29.76
2020-02-06,29.94
2020-02-07,30.0
2020-02-10,30.06
2020-02-11,29.96
2020-02-12,29.94
2020-02-13,30.14
2020-02-14,30.26
2020-02-17,30.26
2020-02-18,30.64
2020-02-19,30.82
2020-02-20,30.96
2020-02-21,31.42
2020-02-24,31.7
2020-02-25,31.12
2020-02-26,31.26
2020-02-27,31.24
2020-02-28,30.14
2020-03-02,30.3
2020-03-03,31.24
2020-03-04,31.32
2020-03-05,31.98
2020-03-06,32.0
2020-03-09,32.08
2020-03-10,31.36
2020-03-11,31.24
2020-03-12,29.98
2020-03-13,29.1
2020-03-16,28.8
2020-03-17,29.2
2020-03-18,28.52
2020-03-19,28.06
2020-03-20,28.46
2020-03-23,29.7
2020-03-24,31.04
2020-03-25,30.7
2020-03-26,31.14
2020-03-27,30.9
2020-03-30,30.98
2020-03-31,30.14
2020-04-01,30.34
2020-04-02,30.84
2020-04-03,31.06
2020-04-06,31.88
2020-04-07,31.76
2020-04-08,31.38
2020-04-09,32.18
2020-04-10,32.18
2020-04-13,32.76
2020-04-14,33.08
2020-04-15,32.98
2020-04-16,32.82
2020-04-17,32.16
2020-04-20,32.46
2020-04-21,32.22
2020-04-22,32.8
2020-04-23,33.14
2020-04-24,33.0
2020-04-27,32.86
2020-04-28,32.68
2020-04-29,32.86
2020-04-30,32.22
2020-05-01,32.44
2020-05-04,32.54
2020-05-05,32.62
2020-05-06,32.28
2020-05-07,32.84
2020-05-08,32.62
2020-05-11,32.42
2020-05-12,32.56
2020-05-13,32.8
2020-05-14,33.14
2020-05-15,33.34
2020-05-18,33.1
2020-05-19,33.36
2020-05-20,33.46
2020-05-21,32.96
2020-05-22,33.16
2020-05-25,33.16
2020-05-26,32.72
2020-05-27,32.76
2020-05-28,32.84
2020-05-29,33.06
2020-06-01,33.28
2020-06-02,33.04
2020-06-03,32.44
2020-06-04,32.78
2020-06-05,32.12
2020-06-08,32.44
2020-06-09,32.76
2020-06-10,33.22
2020-06-11,32.98
2020-06-12,33.06
2020-06-15,32.96
2020-06-16,33.0
2020-06-17,33.04
2020-06-18,32.94
2020-06-19,33.32
2020-06-22,33.56
2020-06-23,33.82
2020-06-24,33.74
2020-06-25,33.7
2020-06-26,33.86
2020-06-29,33.86
2020-06-30,33.98
2020-07-01,33.84
2020-07-02,33.92
2020-07-03,33.92
2020-07-06,34.12
2020-07-07,34.34
2020-07-08,34.54
2020-07-09,34.48
2020-07-10,34.36
2020-07-13,34.42
2020-07-14,34.58
2020-07-15,34.66
2020-07-16,34.3
2020-07-17,34.58
2020-07-20,34.74
2020-07-21,35.18
2020-07-22,35.7
2020-07-23,36.04
2020-07-24,36.32
2020-07-27,37.02
2020-07-28,37.36
2020-07-29,37.62
2020-07-30,37.32
2020-07-31,37.72
2020-08-03,37.7
2020-08-04,38.54
2020-08-05,38.9
2020-08-06,39.42
2020-08-07,38.74
2020-08-10,38.62
2020-08-11,36.56
2020-08-12,36.4
2020-08-13,37.24
2020-08-14,37.1
2020-08-17,37.86
2020-08-18,38.24
2020-08-19,37.06
2020-08-20,37.28
2020-08-21,36.96
2020-08-24,36.8
2020-08-25,36.84
2020-08-26,37.26
2020-08-27,36.8
2020-08-28,37.46
2020-08-31,37.54
2020-09-01,37.6
2020-09-02,37.14
2020-09-03,36.8
2020-09-04,36.92
2020-09-07,36.92
2020-09-08,36.82
2020-09-09,37.2
2020-09-10,37.06
2020-09-11,37.1
2020-09-14,37.38
2020-09-15,37.3
2020-09-16,37.4
2020-09-17,37.18
2020-09-18,37.24
2020-09-21,36.44
2020-09-22,36.3
2020-09-23,35.5
2020-09-24,35.64
2020-09-25,35.54
2020-09-28,35.88
2020-09-29,36.22
2020-09-30,35.98
2020-10-01,36.28
2020-10-02,36.26
2020-10-05,36.48
2020-10-06,36.0
2020-10-07,35.98
2020-10-08,36.16
2020-10-09,36.82
2020-10-12,36.72
2020-10-13,36.1
2020-10-14,36.22
2020-10-15,36.36
2020-10-16,36.22
2020-10-19,36.26
2020-10-20,36.44
2020-10-21,36.74
2020-10-22,36.34
2020-10-23,36.32
2020-10-26,36.3
2020-10-27,36.4
2020-10-28,35.78
2020-10-29,35.64
2020-10-30,35.78
2020-11-02,36.14
2020-11-03,36.34
2020-11-04,36.36
2020-11-05,37.16
2020-11-06,37.22
2020-11-09,35.6
2020-11-10,35.7
2020-11-11,35.54
2020-11-12,35.78
2020-11-13,36.0
2020-11-16,36.0
2020-11-17,35.88
2020-11-18,35.68
2020-11-19,35.62
2020-11-20,35.74
2020-11-23,35.0
2020-11-24,34.48
2020-11-25,34.46
2020-11-26,34.46
2020-11-27,34.08
2020-11-30,33.9
2020-12-01,34.58
2020-12-02,34.84
2020-12-03,35.12
2020-12-04,35.04
2020-12-07,35.54
2020-12-08,35.66
2020-12-09,35.1
2020-12-10,35.0
2020-12-11,35.08
2020-12-14,34.88
2020-12-15,35.38
2020-12-16,35.56
2020-12-17,35.94
2020-12-18,35.86
2020-12-21,35.78
2020-12-22,35.52
2020-12-23,35.72
2020-12-24,35.84
2020-12-25,35.84
2020-12-28,35.74
2020-12-29,35.82
2020-12-30,36.1
2020-12-31,36.26
2021-01-01,36.26
2021-01-04,37.1
2021-01-05,37.18
2021-01-06,36.6
2021-01-07,36.48
2021-01-08,35.26
2021-01-11,35.16
2021-01-12,35.36
2021-01-13,35.24
2021-01-14,35.22
2021-01-15,34.8
2021-01-18,34.8
2021-01-19,35.1
2021-01-20,35.66
2021-01-21,35.64
2021-01-22,35.38
2021-01-25,35.38
2021-01-26,35.3
2021-01-27,35.1
2021-01-28,35.1
2021-01-29,35.1
2021-02-01,35.42
2021-02-02,34.98
2021-02-03,34.92
2021-02-04,34.18
2021-02-05,34.54
2021-02-08,34.9
2021-02-09,34.98
2021-02-10,35.14
2021-02-11,34.82
2021-02-12,34.72
2021-02-15,34.72
2021-02-16,34.2
2021-02-17,33.84
2021-02-18,33.82
2021-02-19,33.96
2021-02-22,34.46
2021-02-23,34.4
2021-02-24,34.36
2021-02-25,33.72
2021-02-26,32.88
2021-03-01,32.84
2021-03-02,33.02
2021-03-03,32.68
2021-03-04,32.34
2021-03-05,32.36
2021-03-08,32.04
2021-03-09,32.72
2021-03-10,32.86
2021-03-11,32.86
2021-03-12,32.88
2021-03-15,32.98
2021-03-16,33.02
2021-03-17,33.24
2021-03-18,33.06
2021-03-19,33.22
2021-03-22,33.14
2021-03-23,32.88
2021-03-24,33.0
2021-03-25,32.88
2021-03-26,33.0
2021-03-29,32.6
2021-03-30,32.04
2021-03-31,32.52
2021-04-01,32.92
2021-04-02,32.92
2021-04-05,32.9
2021-04-06,33.22
2021-04-07,33.1
2021-04-08,33.46
2021-04-09,33.22
2021-04-12,33.0
2021-04-13,33.22
2021-04-14,33.1
2021-04-15,33.64
2021-04-16,33.82
2021-04-19,33.74
2021-04-20,33.86
2021-04-21,34.2
2021-04-22,34.0
2021-04-23,33.82
2021-04-26,33.94
2021-04-27,33.84
2021-04-28,33.94
2021-04-29,33.8
2021-04-30,33.7
2021-05-03,34.14
2021-05-04,33.88
2021-05-05,34.04
2021-05-06,34.6
2021-05-07,34.9
2021-05-10,35.04
2021-05-11,35.04
2021-05-12,34.68
2021-05-13,34.84
2021-05-14,35.12
2021-05-17,35.56
2021-05-18,35.6
2021-05-19,35.64
2021-05-20,35.8
2021-05-21,35.84
2021-05-24,35.88
2021-05-25,36.2
2021-05-26,36.14
2021-05-27,36.16
2021-05-28,36.26
2021-05-31,36.26
2021-06-01,36.2
2021-06-02,36.37
2021-06-03,35.64
2021-06-04,36.04
2021-06-07,36.19
2021-06-08,36.07
2021-06-09,36.01
2021-06-10,36.16
2021-06-11,35.76
2021-06-14,35.55
2021-06-15,35.41
2021-06-16,34.82
2021-06-17,33.75
2021-06-18,33.56
2021-06-21,33.97
2021-06-22,33.83
2021-06-23,33.8
2021-06-24,33.77
2021-06-25,33.88
2021-06-28,33.88
2021-06-29,33.53
2021-06-30,33.71
2021-07-01,33.81
2021-07-02,34.04
2021-07-05,34.04
2021-07-06,34.22
2021-07-07,34.34
2021-07-08,34.33
2021-07-09,34.43
2021-07-12,34.4
2021-07-13,34.45
2021-07-14,34.8
2021-07-15,34.81
2021-07-16,34.48
2021-07-19,34.5
2021-07-20,34.47
2021-07-21,34.34
2021-07-22,34.41
2021-07-23,34.29
2021-07-26,34.23
2021-07-27,34.29
2021-07-28,34.44
2021-07-29,34.83
2021-07-30,34.56
2021-08-02,34.53
2021-08-03,34.49
2021-08-04,34.51
2021-08-05,34.35
2021-08-06,33.52
2021-08-09,32.91
2021-08-10,32.93
2021-08-11,33.38
2021-08-12,33.39
2021-08-13,33.87
2021-08-16,34.03
2021-08-17,33.98
2021-08-18,34.02
2021-08-19,33.91
2021-08-20,33.92
2021-08-23,34.33
2021-08-24,34.32
2021-08-25,34.09
2021-08-26,34.13
2021-08-27,34.62
2021-08-30,34.46
2021-08-31,34.53
2021-09-01,34.55
2021-09-02,34.45
2021-09-03,34.82
2021-09-06,34.82
2021-09-07,34.13
2021-09-08,34.04
2021-09-09,34.18
2021-09-10,34.04
2021-09-13,34.14
2021-09-14,34.37
2021-09-15,34.16
2021-09-16,33.39
2021-09-17,33.34
2021-09-20,33.58
2021-09-21,33.79
2021-09-22,33.65
2021-09-23,33.27
2021-09-24,33.25
2021-09-27,33.32
2021-09-28,32.98
2021-09-29,32.85
2021-09-30,33.41
2021-10-01,33.49
2021-10-04,33.65
2021-10-05,33.5
2021-10-06,33.59
2021-10-07,33.4
2021-10-08,33.42
2021-10-11,33.36
2021-10-12,33.52
2021-10-13,34.11
2021-10-14,34.2
2021-10-15,33.66
2021-10-18,33.57
2021-10-19,33.68
2021-10-20,33.98
2021-10-21,33.95
2021-10-22,34.15
2021-10-25,34.39
2021-10-26,34.13
2021-10-27,34.22
2021-10-28,34.22
2021-10-29,33.93
2021-11-01,34.1
2021-11-02,34.03
2021-11-03,33.75
2021-11-04,34.1
2021-11-05,34.56
2021-11-08,34.7
2021-11-09,34.87
2021-11-10,35.26
2021-11-11,35.45
2021-11-12,35.5
2021-11-15,35.45
2021-11-16,35.21
2021-11-17,35.53
2021-11-18,35.41
2021-11-19,35.15
2021-11-22,34.34
2021-11-23,34.07
2021-11-24,34.03
2021-11-25,34.03
2021-11-26,33.96
2021-11-29,33.94
2021-11-30,33.68
2021-12-01,33.84
2021-12-02,33.64
2021-12-03,33.93
2021-12-06,33.83
2021-12-07,33.96
2021-12-08,33.97
2021-12-09,33.76
2021-12-10,33.91
2021-12-13,34.0
2021-12-14,33.7
2021-12-15,33.82
2021-12-16,34.22
2021-12-17,34.16
2021-12-20,34.01
2021-12-21,34.01
2021-12-22,34.33
2021-12-23,34.41
2021-12-24,34.41
2021-12-27,34.48
2021-12-28,34.34
2021-12-29,34.33
2021-12-30,34.57
2021-12-31,34.81
2022-01-03,34.26
2022-01-04,34.52
2022-01-05,34.41
2022-01-06,34.0
2022-01-07,34.15
2022-01-10,34.25
2022-01-11,34.68
2022-01-12,34.75
2022-01-13,34.65
2022-01-14,34.54
2022-01-17,34.54
2022-01-18,34.5
2022-01-19,35.05
2022-01-20,34.96
2022-01-21,34.84
2022-01-24,35.01
2022-01-25,35.13
2022-01-26,34.56
2022-01-27,34.14
2022-01-28,34.03
2022-01-31,34.22
2022-02-01,34.27
2022-02-02,34.38
2022-02-03,34.36
2022-02-04,34.39
2022-02-07,34.66
2022-02-08,34.73
2022-02-09,34.87
2022-02-10,34.73
2022-02-11,35.41
2022-02-14,35.58
2022-02-15,35.23
2022-02-16,35.61
2022-02-17,36.1
2022-02-18,36.06
2022-02-21,36.06
2022-02-22,36.15
2022-02-23,36.31
2022-02-24,36.08
2022-02-25,35.96
2022-02-28,36.31
2022-03-01,36.99
2022-03-02,36.61
2022-03-03,36.82
2022-03-04,37.4
2022-03-07,37.95
2022-03-08,38.98
2022-03-09,37.84
2022-03-10,37.97
2022-03-11,37.68
2022-03-14,37.11
2022-03-15,36.45
2022-03-16,36.65
2022-03-17,36.85
2022-03-18,36.5
2022-03-21,36.78
2022-03-22,36.54
2022-03-23,36.99
2022-03-24,37.29
2022-03-25,37.16
2022-03-28,36.48
2022-03-29,36.5
2022-03-30,36.76
2022-03-31,36.83
2022-04-01,36.54
2022-04-04,36.73
2022-04-05,36.49
2022-04-06,36.58
2022-04-07,36.7
2022-04-08,36.97
2022-04-11,37.14
2022-04-12,37.42
2022-04-13,37.62
2022-04-14,37.47
2022-04-15,37.47
2022-04-18,37.59
2022-04-19,37.01
2022-04-20,37.22
2022-04-21,37.09
2022-04-22,36.72
2022-04-25,36.06
2022-04-26,36.11
2022-04-27,35.84
2022-04-28,36.04
2022-04-29,36.04
2022-05-02,35.37
2022-05-03,35.47
2022-05-04,35.82
2022-05-05,35.67
2022-05-06,35.74
2022-05-09,35.21
2022-05-10,34.91
2022-05-11,35.2
2022-05-12,34.66
2022-05-13,34.39
2022-05-16,34.71
2022-05-17,34.51
2022-05-18,34.51
2022-05-19,35.03
2022-05-20,35.04
2022-05-23,35.23
2022-05-24,35.48
2022-05-25,35.26
2022-05-26,35.2
2022-05-27,35.23
2022-05-30,35.23
2022-05-31,34.87
2022-06-01,35.09
2022-06-02,35.52
2022-06-03,35.15
2022-06-06,34.98
2022-06-07,35.21
2022-06-08,35.2
2022-06-09,35.09
2022-06-10,35.56
2022-06-13,34.62
2022-06-14,34.34
2022-06-15,34.8
2022-06-16,35.19
2022-06-17,34.89
2022-06-20,34.89
2022-06-21,34.76
2022-06-22,34.92
2022-06-23,34.68
2022-06-24,34.66
2022-06-27,34.63
2022-06-28,34.56
2022-06-29,34.55
2022-06-30,34.31
2022-07-01,34.3
2022-07-04,34.3
2022-07-05,33.58
2022-07-06,33.05
2022-07-07,33.07
2022-07-08,33.09
2022-07-11,32.88
2022-07-12,32.77
2022-07-13,32.94
2022-07-14,32.45
2022-07-15,32.4
2022-07-18,32.42
2022-07-19,32.51
2022-07-20,32.21
2022-07-21,32.66
2022-07-22,32.75
2022-07-25,32.65
2022-07-26,32.61
2022-07-27,32.95
2022-07-28,33.35
2022-07-29,33.45
2022-08-01,33.63
2022-08-02,33.42
2022-08-03,33.52
2022-08-04,34.05
2022-08-05,33.68
2022-08-08,33.97
2022-08-09,34.07
2022-08-10,34.01
2022-08-11,33.9
2022-08-12,34.21
2022-08-15,33.78
2022-08-16,33.71
2022-08-17,33.5
2022-08-18,33.41
2022-08-19,33.15
2022-08-22,32.93
2022-08-23,33.18
2022-08-24,33.27
2022-08-25,33.38
2022-08-26,32.98
2022-08-29,32.99
2022-08-30,32.71
2022-08-31,32.46
2022-09-01,32.16
2022-09-02,32.47
2022-09-05,32.47
2022-09-06,32.27
2022-09-07,32.61
2022-09-08,32.4
2022-09-09,32.58
2022-09-12,32.75
2022-09-13,32.31
2022-09-14,32.19
2022-09-15,31.58
2022-09-16,31.75
2022-09-19,31.78
2022-09-20,31.61
2022-09-21,31.74
2022-09-22,31.73
2022-09-23,31.18
2022-09-26,30.82
2022-09-27,30.88
2022-09-28,31.52
2022-09-29,31.52
2022-09-30,31.53
2022-10-03,32.28
2022-10-04,32.75
2022-10-05,32.58
2022-10-06,32.55
2022-10-07,32.19
2022-10-10,31.69
2022-10-11,31.62
2022-10-12,31.81
2022-10-13,31.57
2022-10-14,31.17
2022-10-17,31.28
2022-10-18,31.34
2022-10-19,30.92
2022-10-20,30.88
2022-10-21,31.43
2022-10-24,31.32
2022-10-25,31.39
2022-10-26,31.6
2022-10-27,31.56
2022-10-28,31.22
2022-10-31,30.98
2022-11-01,31.29
2022-11-02,31.06
2022-11-03,30.96
2022-11-04,31.91
2022-11-07,31.77
2022-11-08,32.49
2022-11-09,32.34
2022-11-10,33.33
2022-11-11,33.56
2022-11-14,33.64
2022-11-15,33.74
2022-11-16,33.66
2022-11-17,33.41
2022-11-18,33.19
2022-11-21,33.01
2022-11-22,33.03
2022-11-23,33.24
2022-11-24,33.24
2022-11-25,33.28
2022-11-28,33.01
2022-11-29,33.19
2022-11-30,33.6
2022-12-01,34.23
2022-12-02,34.12
2022-12-05,33.51
2022-12-06,33.62
2022-12-07,33.91
2022-12-08,33.94
2022-12-09,34.05
2022-12-12,33.76
2022-12-13,34.36
2022-12-14,34.28
2022-12-15,33.72
2022-12-16,34.0
2022-12-19,33.91
2022-12-20,34.49
2022-12-21,34.43
2022-12-22,33.99
2022-12-23,34.11
2022-12-26,34.11
2022-12-27,34.38
2022-12-28,34.22
2022-12-29,34.44
2022-12-30,34.59
2023-01-02,34.59
2023-01-03,34.88
2023-01-04,35.21
2023-01-05,34.79
2023-01-06,35.43
2023-01-09,35.5
2023-01-10,35.62
2023-01-11,35.61
2023-01-12,36.02
2023-01-13,36.45
2023-01-16,36.45
2023-01-17,36.21
2023-01-18,36.11
2023-01-19,36.69
2023-01-20,36.55
2023-01-23,36.62
2023-01-24,36.75
2023-01-25,36.94
2023-01-26,36.59
2023-01-27,36.55
2023-01-30,36.44
2023-01-31,36.59
2023-02-01,37.07
2023-02-02,36.26
2023-02-03,35.37
2023-02-06,35.45
2023-02-07,35.48
2023-02-08,35.58
2023-02-09,35.29
2023-02-10,35.35
2023-02-13,35.18
2023-02-14,35.2
2023-02-15,34.84
2023-02-16,34.84
2023-02-17,34.93
2023-02-20,34.93
2023-02-21,34.79
2023-02-22,34.61
2023-02-23,34.58
2023-02-24,34.33
2023-02-27,34.45
2023-02-28,34.62
2023-03-01,34.84
2023-03-02,34.83
2023-03-03,35.19
2023-03-06,35.02
2023-03-07,34.38
2023-03-08,34.39
2023-03-09,34.7
2023-03-10,35.46
2023-03-13,36.29
2023-03-14,36.07
2023-03-15,36.34
2023-03-16,36.43
2023-03-17,37.49
2023-03-20,37.5
2023-03-21,36.8
2023-03-22,37.42
2023-03-23,37.9
2023-03-24,37.46
2023-03-27,37.12
2023-03-28,37.43
2023-03-29,37.24
2023-03-30,37.57
2023-03-31,37.37
